veh id,manufacturer,nameplate,model,CVCM class,EPA class,fleet type,fuel type,footprint,baseline price,baseline mpg,baseline sales,predicted mpg,incremental price,,,,,,,,,,,,,,,,,
1,HONDA,Acura,MDX 4WD,11,SUV,T,G,50.8,45706,22.05,57380,23.01, $199 ,,,,,,,,,,,,,,,,,
2,HONDA,Acura,RDX,11,SUV,T,G,45.1,34588,24.17,21271,26.46, $(848),,,,,,,,,,,,,,,,,
3,HONDA,Acura,RL,4,MIDSIZE CARS,C,G,47.6,47935,24.56,5132,23.77," $2,515 ",,,,,,,,,,,,,,,,,
4,HONDA,Acura,TL,4,MIDSIZE CARS,C,G,47.8,35218,27.07,56720,26.88, $822 ,,,,,,,,,,,,,,,,,
5,HONDA,Acura,TSX,3,COMPACT CARS,C,G,46,29483,29.86,21996,31.87," $5,223 ",,,,,,,,,,,,,,,,,
6,Aston Martin,Aston Martin,DB9,19,SUBCOMPACT CARS,C,G,46.15722222,175065,16.85,323,19.54," $12,005 ",,,,,,,,,,,,,,,,,
7,Aston Martin,Aston Martin,V8 Vantage,19,COMPACT CARS,C,G,43.95399306,113526,19.53,1047,19.98," $7,224 ",,,,,,,,,,,,,,,,,
8,VOLKSWAGEN,Audi,A3,8,SMALL STATION WAGONS,C,G,42.18882917,27239,32.23,4696,37.95," $1,453 ",,,,,,,,,,,,,,,,,
9,VOLKSWAGEN,Audi,A3 Quattro,3,SMALL STATION WAGONS,C,G,42.18882917,36404,27.24,682,30.91," $(5,554)",,,,,,,,,,,,,,,,,
10,VOLKSWAGEN,Audi,A4,3,COMPACT CARS,C,G,43.1208125,30403,31.71,11807,34.11," $1,047 ",,,,,,,,,,,,,,,,,
11,VOLKSWAGEN,Audi,A4 Avant Quattro,3,SMALL STATION WAGONS,C,G,43.1208125,33871,28.85,3099,30.25," $1,479 ",,,,,,,,,,,,,,,,,
12,VOLKSWAGEN,Audi,A4 Cabriolet,2,SUBCOMPACT CARS,C,G,43.1208125,41336,31.82,2166,34.11, $665 ,,,,,,,,,,,,,,,,,
13,VOLKSWAGEN,Audi,A4 Cabriolet Quattro,2,SUBCOMPACT CARS,C,G,43.1208125,44925,28.08,2763,29.94, $(825),,,,,,,,,,,,,,,,,
14,VOLKSWAGEN,Audi,A4 Quattro,3,COMPACT CARS,C,G,43.1208125,32875,28.81,23411,30.64, $(525),,,,,,,,,,,,,,,,,
15,VOLKSWAGEN,Audi,A5 Quattro,2,SUBCOMPACT CARS,C,G,46.89239583,41489,26.68,1817,30.11," $(4,296)",,,,,,,,,,,,,,,,,
16,VOLKSWAGEN,Audi,A6,4,MIDSIZE CARS,C,G,49.42020417,44600,27.82,2390,28.18, $601 ,,,,,,,,,,,,,,,,,
17,VOLKSWAGEN,Audi,A6 Avant Quattro,4,MIDSIZE STATION WAGONS,C,G,49.42020417,50771,25.40,1118,26.21," $2,540 ",,,,,,,,,,,,,,,,,
18,VOLKSWAGEN,Audi,A6 Quattro,4,MIDSIZE CARS,C,G,49.42020417,49080,25.61,12215,26.14," $1,349 ",,,,,,,,,,,,,,,,,
19,VOLKSWAGEN,Audi,A8,4,MIDSIZE CARS,C,G,51.18916667,72894,23.89,509,23.78," $3,106 ",,,,,,,,,,,,,,,,,
20,VOLKSWAGEN,Audi,A8 L,19,LARGE CARS,C,G,51.18916667,78376,23.72,1850,23.78," $1,524 ",,,,,,,,,,,,,,,,,
21,VOLKSWAGEN,Audi,Q7,11,SUV,T,G,54.07035757,50322,20.05,15617,21.83, $(916),,,,,,,,,,,,,,,,,
22,VOLKSWAGEN,Audi,R8,19,TWO SEATERS,C,G,46.58624306,112200,18.85,572,18.09," $25,646 ",,,,,,,,,,,,,,,,,
23,VOLKSWAGEN,Audi,S4,3,COMPACT CARS,C,G,43.25556667,51206,20.37,883,25.99," $(5,306)",,,,,,,,,,,,,,,,,
24,VOLKSWAGEN,Audi,S4 Cabriolet,2,SUBCOMPACT CARS,C,G,43.25556667,59513,20.39,291,24.80," $(1,263)",,,,,,,,,,,,,,,,,
25,VOLKSWAGEN,Audi,S5,2,SUBCOMPACT CARS,C,G,46.89239583,52301,21.50,1340,23.23, $100 ,,,,,,,,,,,,,,,,,
26,VOLKSWAGEN,Audi,S6,4,MIDSIZE CARS,C,G,49.42020417,74588,20.48,928,20.48," $1,513 ",,,,,,,,,,,,,,,,,
27,VOLKSWAGEN,Audi,TT Coupe,2,SUBCOMPACT CARS,C,G,40.24718056,39144,30.15,4437,31.62," $(1,344)",,,,,,,,,,,,,,,,,
28,VOLKSWAGEN,Audi,TT Roadster,1,TWO SEATERS,C,G,40.24718056,41737,29.30,3487,31.62, $(937),,,,,,,,,,,,,,,,,
29,VOLKSWAGEN,Bentley,Azure,19,COMPACT CARS,C,G,53.79202083,339237,14.45,127,14.45," $23,763 ",,,,,,,,,,,,,,,,,
30,VOLKSWAGEN,Bentley,Continental Flying Spur,19,MIDSIZE CARS,C,G,47.74416667,179714,15.76,688,15.80," $(2,114)",,,,,,,,,,,,,,,,, 
31,VOLKSWAGEN,Bentley,Continental GT,19,COMPACT CARS,C,G,47.74416667,182157,16.16,710,16.16, $643 ,,,,,,,,,,,,,,,,,
32,VOLKSWAGEN,Bentley,Continental GTC,19,SUBCOMPACT CARS,C,G,47.74416667,200517,15.76,1671,15.80, $983 ,,,,,,,,,,,,,,,,,
33,BMW,BMW,128i,2,SUBCOMPACT CARS,C,G,42.9,30626,28.62,2445,28.20," $(1,476)",,,,,,,,,,,,,,,,,
34,BMW,BMW,128i Convertible,2,SUBCOMPACT CARS,C,G,42.9,35318,27.78,3745,27.76," $(1,118)",,,,,,,,,,,,,,,,,
35,BMW,BMW,135i,2,SUBCOMPACT CARS,C,G,42.9,37154,26.41,3025,26.84," $(1,104)",,,,,,,,,,,,,,,,,
36,BMW,BMW,135i Convertible,2,SUBCOMPACT CARS,C,G,42.9,41540,26.45,2672,26.34," $(1,190)",,,,,,,,,,,,,,,,,
37,BMW,BMW,328Ci,2,SUBCOMPACT CARS,C,G,44.8,36797,28.63,7822,28.18, $(597),,,,,,,,,,,,,,,,,
38,BMW,BMW,328Ci Convertible,2,SUBCOMPACT CARS,C,G,44.8,44855,27.59,10389,27.68, $146 ,,,,,,,,,,,,,,,,,
39,BMW,BMW,328CXi,2,SUBCOMPACT CARS,C,G,44.8,38633,26.33,4122,26.34, $(533),,,,,,,,,,,,,,,,,
40,BMW,BMW,328i,3,COMPACT CARS,C,G,44.8,33839,28.64,41659,28.17, $(689),,,,,,,,,,,,,,,,,
41,BMW,BMW,328i sport wagon,3,SMALL STATION WAGONS,C,G,44.8,35675,27.52,607,27.52, $26 ,,,,,,,,,,,,,,,,,
42,BMW,BMW,328Xi,3,COMPACT CARS,C,G,44.8,35777,26.38,16031,26.38, $(627),,,,,,,,,,,,,,,,,
43,BMW,BMW,328Xi sport wagon,3,SMALL STATION WAGONS,C,G,44.8,37613,26.33,1108,26.28, $88 ,,,,,,,,,,,,,,,,,
44,BMW,BMW,335Ci,2,SUBCOMPACT CARS,C,G,44.8,42407,26.47,7519,26.36, $244 ,,,,,,,,,,,,,,,,,
45,BMW,BMW,335Ci Convertible,2,SUBCOMPACT CARS,C,G,44.8,50873,26.45,9926,26.34, $328 ,,,,,,,,,,,,,,,,,
46,BMW,BMW,335CXi,2,SUBCOMPACT CARS,C,G,44.8,44243,25.58,4156,25.44, $308 ,,,,,,,,,,,,,,,,,
47,BMW,BMW,335i,3,COMPACT CARS,C,G,44.8,40469,26.45,12297,26.34, $132 ,,,,,,,,,,,,,,,,,
48,BMW,BMW,335Xi,3,COMPACT CARS,C,G,44.8,42407,25.56,5720,25.44, $194 ,,,,,,,,,,,,,,,,,
49,BMW,BMW,528i,4,MIDSIZE CARS,C,G,48.8,45977,27.70,26596,27.72, $(27),,,,,,,,,,,,,,,,,
50,BMW,BMW,528Xi,4,MIDSIZE CARS,C,G,48.8,48221,26.42,12242,26.43, $30 ,,,,,,,,,,,,,,,,,
51,BMW,BMW,535i,4,MIDSIZE CARS,C,G,48.8,51179,26.45,17581,26.33, $72 ,,,,,,,,,,,,,,,,,
52,BMW,BMW,535Xi,4,MIDSIZE CARS,C,G,48.8,53423,25.54,13104,25.45, $128 ,,,,,,,,,,,,,,,,,
53,BMW,BMW,535Xi sport wagon,4,MIDSIZE STATION WAGONS,C,G,48.7,55871,24.70,2360,24.71," $(1,921)",,,,,,,,,,,,,,,,,
54,BMW,BMW,550i,4,MIDSIZE CARS,C,G,48.8,60461,23.12,7512,23.20, $140 ,,,,,,,,,,,,,,,,,
55,BMW,BMW,650Ci,19,SUBCOMPACT CARS,C,G,47.1,76985,23.11,1956,23.22," $1,466 ",,,,,,,,,,,,,,,,,
56,BMW,BMW,650Ci Convertible,19,SUBCOMPACT CARS,C,G,47.1,84125,22.99,4096,22.89," $1,426 ",,,,,,,,,,,,,,,,,
57,BMW,BMW,750i,19,LARGE CARS,C,G,51,78107,23.10,3060,22.18," $3,894 ",,,,,,,,,,,,,,,,,
58,BMW,BMW,750Li,19,LARGE CARS,C,G,53.4,81269,23.10,10432,21.47," $4,632 ",,,,,,,,,,,,,,,,,
59,BMW,BMW,760Li,19,LARGE CARS,C,G,53.4,125843,19.60,107,19.80," $11,158 ",,,,,,,,,,,,,,,,,
60,BMW,BMW,M3,3,COMPACT CARS,C,G,45.7,54876,20.81,1984,20.70, $524 ,,,,,,,,,,,,,,,,,
61,BMW,BMW,M3 Convertible,2,SUBCOMPACT CARS,C,G,45.7,66249,20.18,2319,20.22, $801 ,,,,,,,,,,,,,,,,,
62,BMW,BMW,M3 Coupe,2,SUBCOMPACT CARS,C,G,45.7,57630,20.76,3551,20.70, $770 ,,,,,,,,,,,,,,,,,
63,BMW,BMW,M5,19,MIDSIZE CARS,C,G,48.9,85349,16.35,2666,16.41, $352 ,,,,,,,,,,,,,,,,,
64,BMW,BMW,M6,19,SUBCOMPACT CARS,C,G,47.2,102077,16.36,591,16.42, $274 ,,,,,,,,,,,,,,,,,
65,BMW,BMW,M6 Convertible,19,SUBCOMPACT CARS,C,G,47.2,107993,16.32,956,16.34, $158 ,,,,,,,,,,,,,,,,,
66,BMW,BMW,X3 3.0si,11,SUV,T,G,46.1,39551,25.42,21033,25.42, $(701),,,,,,,,,,,,,,,,,
67,BMW,BMW,X5 3.0si,11,SUV,T,G,52,47609,22.81,25328,22.81, $(9),,,,,,,,,,,,,,,,,
68,BMW,BMW,X5 4.8i,11,SUV,T,G,52,56381,20.14,11081,20.19, $(81),,,,,,,,,,,,,,,,,
69,BMW,BMW,X6 xDrive35i,11,SUV,T,G,52.9,53550,21.47,3238,22.23," $2,950 ",,,,,,,,,,,,,,,,,
70,BMW,BMW,X6 xDrive50i,11,SUV,T,G,52.9,64260,18.59,644,18.91," $2,940 ",,,,,,,,,,,,,,,,,
71,BMW,BMW,Z4 3.0,1,TWO SEATERS,C,G,40.2,40268,28.62,5380,28.20," $5,732 ",,,,,,,,,,,,,,,,,
72,BMW,BMW,Z4 M,1,TWO SEATERS,C,G,40.3,52612,23.39,500,25.95, $(712),,,,,,,,,,,,,,,,,
73,Volkswagen,Bugatti,Veyron,19,LARGE CARS,C,G,50.90479167,1734000,12.00,18,12.02," $(34,000)",,,,,,,,,,,,,,,,,
74,GENERAL MOTORS,Buick,Enclave AWD,11,SUV,T,G,55.6,36608,22.07,27656,22.99," $4,022 ",,,,,,,,,,,,,,,,,
75,GENERAL MOTORS,Buick,Enclave FWD,11,SUV,T,G,55.6,34568,24.51,35589,24.78," $4,062 ",,,,,,,,,,,,,,,,,
76,GENERAL MOTORS,Buick,LaCrosse/Allure,9,MIDSIZE CARS,C,G,48.4,25933,25.58,41961,26.06," $2,934 ",,,,,,,,,,,,,,,,,
77,GENERAL MOTORS,Buick,Lucerne,5,LARGE CARS,C,G,50.4,29555,25.40,66117,26.13," $3,347 ",,,,,,,,,,,,,,,,,
78,GENERAL MOTORS,Cadillac,CTS,4,MIDSIZE CARS,C,G,49,33650,25.70,42094,26.97," $7,806 ",,,,,,,,,,,,,,,,,
79,GENERAL MOTORS,Cadillac,CTS AWD,4,MIDSIZE CARS,C,G,49,36914,22.82,20849,26.20," $5,474 ",,,,,,,,,,,,,,,,,
80,GENERAL MOTORS,Cadillac,DTS,5,LARGE CARS,C,G,49.9,46196,23.18,40809,23.19," $8,229 ",,,,,,,,,,,,,,,,,
81,GENERAL MOTORS,Cadillac,Escalade 2WD,11,SUV,T,G,54.4,56753,18.35,7867,20.99," $6,402 ",,,,,,,,,,,,,,,,,
82,GENERAL MOTORS,Cadillac,Escalade AWD,11,SUV,T,G,54.4,59359,18.28,22340,20.58," $6,346 ",,,,,,,,,,,,,,,,,
83,GENERAL MOTORS,Cadillac,Escalade ESV 2WD,11,SUV,T,G,61,60578,18.35,1303,20.99," $5,472 ",,,,,,,,,,,,,,,,,
84,General Motors,Cadillac,Funeral Coach/Hearse,5,LARGE CARS,C,G,50.09333333,51689,18.41,967,18.31, $(164),,,,,,,,,,,,,,,,,
85,General Motors,Cadillac,Limousine,5,LARGE CARS,C,G,50.09333333,51689,18.16,664,18.31, $(164),,,,,,,,,,,,,,,,,
86,GENERAL MOTORS,Cadillac,SRX 2WD,11,SUV,T,G,50.2,38550,21.40,8510,24.37," $2,430 ",,,,,,,,,,,,,,,,,
87,GENERAL MOTORS,Cadillac,SRX AWD,11,SUV,T,G,50.2,45824,20.87,13432,22.80, $(325),,,,,,,,,,,,,,,,,
88,GENERAL MOTORS,Cadillac,STS,4,MIDSIZE CARS,C,G,50.1,57228,24.47,11349,26.23," $(6,109)",,,,,,,,,,,,,,,,,
89,GENERAL MOTORS,Cadillac,STS AWD,4,MIDSIZE CARS,C,G,50.1,46954,24.15,6168,26.11," $3,997 ",,,,,,,,,,,,,,,,,
90,GENERAL MOTORS,Chevrolet,AVEO,8,COMPACT CARS,C,G,42.4,13782,34.39,34089,35.84, $318 ,,,,,,,,,,,,,,,,,
91,GENERAL MOTORS,Chevrolet,AVEO 5,7,SUBCOMPACT CARS,C,G,42.4,11783,34.89,21981,36.54," $2,467 ",,,,,,,,,,,,,,,,,
92,GENERAL MOTORS,Chevrolet,C15 Silverado 2WD 119WB,18,STANDARD PICKUP TRUCKS,T,G,55.9,23513,21.03,47038,21.87," $(2,663)",,,,,,,,,,,,,,,,,
93,GENERAL MOTORS,Chevrolet,C15 Silverado 2WD 133WB/134WB,18,STANDARD PICKUP TRUCKS,T,G,62.57903234,23583,21.18,47016,19.63," $(2,343)",,,,,,,,,,,,,,,,,
94,GENERAL MOTORS,Chevrolet,C15 Silverado 2WD 143WB,18,STANDARD PICKUP TRUCKS,T,G,67.4,24678,20.90,87487,21.26, $795 ,,,,,,,,,,,,,,,,,
95,GENERAL MOTORS,Chevrolet,C15 Silverado 2WD 157WB,18,STANDARD PICKUP TRUCKS,T,G,73.9,25220,21.10,4679,22.22," $2,215 ",,,,,,,,,,,,,,,,,
96,GENERAL MOTORS,Chevrolet,C1500 Avalanche 2WD,11,SUV,T,G,61,34894,20.29,17437,21.88," $3,936 ",,,,,,,,,,,,,,,,,
97,GENERAL MOTORS,Chevrolet,C1500 Suburban 2WD,11,SUV,T,G,61,40244,20.31,24823,21.88," $3,901 ",,,,,,,,,,,,,,,,,
98,GENERAL MOTORS,Chevrolet,C1500 Tahoe 2WD,11,SUV,T,G,54.4,37013,20.32,52460,22.01," $5,117 ",,,,,,,,,,,,,,,,,
99,GENERAL MOTORS,Chevrolet,C1500 Tahoe Hybrid 2WD,11,SUV,T,G,54.4,51500,28.21,2492,27.11, $(780),,,,,,,,,,,,,,,,,
100,GENERAL MOTORS,Chevrolet,Cobalt,7,SUBCOMPACT CARS,C,G,44.8,19840,33.28,173079,35.77," $(4,110)",,,,,,,,,,,,,,,,,
101,GENERAL MOTORS,Chevrolet,Cobalt XFE,7,SUBCOMPACT CARS,C,G,44.8,19880,37.09,3377,39.18," $(4,210)",,,,,,,,,,,,,,,,,
102,GENERAL MOTORS,Chevrolet,Colorado 2WD,17,SMALL PICKUP TRUCKS,T,G,45.69829979,17277,24.40,27374,26.26, $(292),,,,,,,,,,,,,,,,,
103,GENERAL MOTORS,Chevrolet,Colorado 4WD,17,SMALL PICKUP TRUCKS,T,G,45.69829979,21494,22.81,10675,23.73," $(1,004)",,,,,,,,,,,,,,,,,
104,GENERAL MOTORS,Chevrolet,Colorado Cab Chassis INC 2WD,17,SMALL PICKUP TRUCKS,T,G,45.69829979,20224,19.41,178,21.78, $461 ,,,,,,,,,,,,,,,,,
105,GENERAL MOTORS,Chevrolet,Colorado Cab Chassis INC 4WD,17,SMALL PICKUP TRUCKS,T,G,45.69829979,23437,20.99,29,23.01, $348 ,,,,,,,,,,,,,,,,,
106,GENERAL MOTORS,Chevrolet,Colorado Crew Cab 2WD,17,SMALL PICKUP TRUCKS,T,G,45.69829979,22708,23.79,15231,25.13," $(1,765)",,,,,,,,,,,,,,,,,
107,GENERAL MOTORS,Chevrolet,Colorado Crew Cab 4WD,17,SMALL PICKUP TRUCKS,T,G,45.69829979,25602,20.99,13076,22.52," $(1,328)",,,,,,,,,,,,,,,,,
108,GENERAL MOTORS,Chevrolet,Corvette,1,TWO SEATERS,C,G,46.3,52242,22.98,32882,22.96," $3,362 ",,,,,,,,,,,,,,,,,
109,GENERAL MOTORS,Chevrolet,Equinox AWD,12,SUV,T,G,48.7,27740,24.79,35790,28.76," $(1,543)",,,,,,,,,,,,,,,,,
110,GENERAL MOTORS,Chevrolet,Equinox FWD,12,SUV,C,G,48.7,25630,25.63,53912,32.56," $(2,766)",,,,,,,,,,,,,,,,,
111,GENERAL MOTORS,Chevrolet,G1500/2500 Express 2WD,16,VANS,T,G,63.5,25925,17.46,1502,21.01, $(452),,,,,,,,,,,,,,,,,
112,GENERAL MOTORS,Chevrolet,G1500/2500 Express 2WD MDPV,16,VANS,T,G,63.5,27007,15.19,961,15.00," $5,308 ",,,,,,,,,,,,,,,,,
113,GENERAL MOTORS,Chevrolet,G1500/2500 Van CONV 2WD,16,VANS,T,G,63.5,25925,17.53,1103,18.35," $3,280 ",,,,,,,,,,,,,,,,,
114,GENERAL MOTORS,Chevrolet,H1500 Express AWD,16,VANS,T,G,63.5,29432,17.76,929,18.35," $1,048 ",,,,,,,,,,,,,,,,,
115,GENERAL MOTORS,Chevrolet,H1500 Van CONV AWD,16,VANS,T,G,63.5,29432,17.7589,331,18.36,272.9,,,,,,,,,,,,,,,,,
116,GENERAL MOTORS,Chevrolet,HHR FWD,13,SUV,C,G,42.5,18072,32.34816814,90025,32.46,872.6294274,,,,,,,,,,,,,,,,,
117,GENERAL MOTORS,Chevrolet,HHR Panel FWD,13,SUV,C,G,42.5,18032,32.54673931,9135,32.51,1034.182336,,,,,,,,,,,,,,,,,
118,GENERAL MOTORS,Chevrolet,Impala,10,LARGE CARS,C,G,47.1,23032,28.18492893,320116,28.95,1668.954492,,,,,,,,,,,,,,,,,
119,GENERAL MOTORS,Chevrolet,K15 Silverado 4WD 119WB,18,STANDARD PICKUP TRUCKS,T,G,55.9,30876,20.16531955,19817.66,18.88,-6544.050506,,,,,,,,,,,,,,,,,
120,GENERAL MOTORS,Chevrolet,K15 Silverado 4WD 133WB/134WB,18,STANDARD PICKUP TRUCKS,T,G,62.66678143,31842,20.21958209,38079,20.62,-7452.100142,,,,,,,,,,,,,,,,,
121,GENERAL MOTORS,Chevrolet,K15 Silverado 4WD 143WB,18,STANDARD PICKUP TRUCKS,T,G,67.4,32773,20.29497873,134964.9,21.38,-3297.823568,,,,,,,,,,,,,,,,,
122,GENERAL MOTORS,Chevrolet,K15 Silverado 4WD 157WB,18,STANDARD PICKUP TRUCKS,T,G,73.9,32775,20.39009213,3731.44,20.88,605.36,,,,,,,,,,,,,,,,,
123,GENERAL MOTORS,Chevrolet,K1500 Tahoe 4WD,11,SUV,T,G,54.4,40288,20.2962,55201,21.98,4692.04,,,,,,,,,,,,,,,,,
124,GENERAL MOTORS,Chevrolet,K1500 Tahoe Hybrid 4WD,11,SUV,T,G,54.4,54361,25.9934,2728,27.20,-835.9,,,,,,,,,,,,,,,,,
125,GENERAL MOTORS,Chevrolet,K2500 Suburban MDPV,11,SUV,T,G,60.7,42367,14.4,4407.017043,15.41,2515.084006,,,,,,,,,,,,,,,,,
126,GENERAL MOTORS,Chevrolet,Malibu,9,MIDSIZE CARS,C,G,46.9,22523,28.70434738,124301,32.30,-370.6124887,,,,,,,,,,,,,,,,,
127,GENERAL MOTORS,Chevrolet,Malibu Hybrid,9,MIDSIZE CARS,C,G,46.9,26750,35.7228,1907,38.58,-824.5,,,,,,,,,,,,,,,,,
128,GENERAL MOTORS,Chevrolet,Trailblazer 2WD,12,SUV,T,G,49,27055,20.91986698,42089,24.78,7270.45035,,,,,,,,,,,,,,,,,
129,GENERAL MOTORS,Chevrolet,Trailblazer 4WD,12,SUV,T,G,49,29214,20.30270915,66614,23.96,7110.631842,,,,,,,,,,,,,,,,,
130,Chrysler/Fiat,Chrysler,300 AWD,5,LARGE CARS,C,G,52.54166667,37065,23.21112051,5490,24.06,-1941.871988,,,,,,,,,,,,,,,,,
131,Chrysler/Fiat,Chrysler,300/SRT-8,5,LARGE CARS,C,G,52.54166667,29088,25.99944755,70805,25.88,266.2881446,,,,,,,,,,,,,,,,,
132,Chrysler/Fiat,Chrysler,Crossfire Coupe,1,TWO SEATERS,C,G,38.6859375,36322,26.34684263,821,26.35,-712.2,,,,,,,,,,,,,,,,,
133,Chrysler/Fiat,Chrysler,Crossfire Roadster,1,TWO SEATERS,C,G,38.6859375,40856,26.40494811,827,26.40,-801.1,,,,,,,,,,,,,,,,,
134,Chrysler/Fiat,Chrysler,Generic Mini Car,7,SUBCOMPACT CARS,C,G,40.80169774,26105,36.33965625,1,36.34,-511.86,,,,,,,,,,,,,,,,,
135,Chrysler/Fiat,Chrysler,PT Cruiser,13,SUV,C,G,41.48611111,20264,27.62446086,65485,27.47,-1988.877468,,,,,,,,,,,,,,,,,
136,Chrysler/Fiat,Chrysler,Sebring,9,MIDSIZE CARS,C,G,46.73625,20150,30.93735622,50458,31.49,212.0765467,,,,,,,,,,,,,,,,,
137,Chrysler/Fiat,Chrysler,Sebring Convertible,2,SUBCOMPACT CARS,C,G,46.73625,29742,26.69114643,45930,26.95,-8.031667436,,,,,,,,,,,,,,,,,
138,Chrysler/Fiat,Chrysler,Town & Country 2WD,15,MINIVAN,T,G,54.62416667,27873,24.36350616,151248,24.36,751.8903681,,,,,,,,,,,,,,,,,
139,Chrysler/Fiat,Dodge,Avenger,9,MIDSIZE CARS,C,G,46.73625,20304,30.55961115,134681,31.70,926.0136033,,,,,,,,,,,,,,,,,
140,Chrysler/Fiat,Dodge,Caliber,9,MIDSIZE CARS,C,G,43.06430556,15489,32.22157732,87962,32.33,1466.938619,,,,,,,,,,,,,,,,,
141,Chrysler/Fiat,Dodge,Challenger,4,MIDSIZE CARS,C,G,50.79027778,38755,19.2963,6411,24.16,-9730.681383,,,,,,,,,,,,,,,,,
142,Chrysler/Fiat,Dodge,Charger,5,LARGE CARS,C,G,52.54166667,27480,25.49965075,107632,25.78,-1646.31534,,,,,,,,,,,,,,,,,
143,Chrysler/Fiat,Dodge,Charger AWD,5,LARGE CARS,C,G,52.54166667,30931,23.0722158,3263,24.09,-288.0778577,,,,,,,,,,,,,,,,,
144,Chrysler/Fiat,Dodge,Dakota Pickup 2WD,18,STANDARD PICKUP TRUCKS,T,G,57.30697917,27684,20.80624387,14052,20.62,-4053.681213,,,,,,,,,,,,,,,,,
145,Chrysler/Fiat,Dodge,Dakota Pickup 4WD,18,STANDARD PICKUP TRUCKS,T,G,57.30697917,28805,20.09525751,7724,20.89,-924.8003962,,,,,,,,,,,,,,,,,
146,Chrysler/Fiat,Dodge,Grand Caravan 2WD,15,MINIVAN,T,G,54.62416667,25809,24.50123192,148223,24.47,-649.1675651,,,,,,,,,,,,,,,,,
147,Chrysler/Fiat,Dodge,Nitro 2WD,12,SUV,C,G,46.08888889,24069,23.49502281,18303,23.21,-2044.165652,,,,,,,,,,,,,,,,,
148,Chrysler/Fiat,Dodge,Nitro 4WD,12,SUV,T,G,46.08888889,25794,22.11922586,30074,21.90,-1896.171988,,,,,,,,,,,,,,,,,
149,Chrysler/Fiat,Dodge,Ram 1500 Pickup 2WD 120WB,18,STANDARD PICKUP TRUCKS,T,G,56.8609375,23938,20.03196386,33676.61,20.49,3292.301751,,,,,,,,,,,,,,,,,
150,Chrysler/Fiat,Dodge,Ram 1500 Pickup 2WD 140WB,18,STANDARD PICKUP TRUCKS,T,G,66.2984375,26144,18.6770281,66871.51,19.81,2366.162473,,,,,,,,,,,,,,,,,
151,Chrysler/Fiat,Dodge,Ram 1500 Pickup 4WD 120WB,18,STANDARD PICKUP TRUCKS,T,G,56.8609375,30421,18.35500268,9584.29,19.48,-5356.419753,,,,,,,,,,,,,,,,,
152,Chrysler/Fiat,Dodge,Ram 1500 Pickup 4WD 140WB,18,STANDARD PICKUP TRUCKS,T,G,66.2984375,30653,18.42213583,69417.53,19.59,1432.13301,,,,,,,,,,,,,,,,,
153,Chrysler/Fiat,Dodge,Viper Convertible,19,TWO SEATERS,C,G,42.02430556,85675,19.898,587,19.90,4580.1,,,,,,,,,,,,,,,,,
154,Chrysler/Fiat,Dodge,Viper Coupe,19,TWO SEATERS,C,G,42.02430556,86440,19.898,795,19.90,4565.1,,,,,,,,,,,,,,,,,
155,Lotus,Elise,Elise / Exige,2,SUBCOMPACT CARS,C,G,36.69209697,56927,29.66311823,252,29.78,-4455.124182,,,,,,,,,,,,,,,,,
156,Ferrari,Ferrari,599 GTB Fiorano,19,LARGE CARS,C,G,49.05104167,318550,15.70182877,324,15.69,1767.354216,,,,,,,,,,,,,,,,,
157,Ferrari,Ferrari,612 Scaglietti,19,MIDSIZE CARS,C,G,52.8496875,275902,14.58656086,94,14.59,37185.70426,,,,,,,,,,,,,,,,,
158,Ford,Ford,Crown Victoria,5,LARGE CARS,C,G,51.4328655,28200,22.7961,9299,24.52,2085.06,,,,,,,,,,,,,,,,,
159,Ford,Ford,Edge AWD,12,SUV,T,G,50.59416667,28930,22.9313,50229,24.60,3139.74,,,,,,,,,,,,,,,,,
160,Ford,Ford,Edge FWD,12,SUV,C,G,50.59416667,30715,24.1996,78378,25.91,-295.26,,,,,,,,,,,,,,,,,
161,Ford,Ford,Escape 4WD,14,SUV,T,G,43.46583333,25450,25.44398337,98462,27.08,345.0688519,,,,,,,,,,,,,,,,,
162,Ford,Ford,Escape FWD,14,SUV,C,G,43.46583333,23104,27.45449314,121578,29.65,940.7173864,,,,,,,,,,,,,,,,,
163,Ford,Ford,Escape Hybrid 4WD,14,SUV,T,G,43.46583333,29254,38.0277,12441,39.27,2356.4,,,,,,,,,,,,,,,,,
164,Ford,Ford,Escape Hybrid FWD,14,SUV,C,G,43.46583333,27469,43.4087,16841,44.13,2391.4,,,,,,,,,,,,,,,,,
165,Ford,Ford,E-Series MDPV,16,VANS,T,G,65.2,28320,14.96026886,919.5593211,14.71,453.5706096,,,,,,,,,,,,,,,,,
166,Ford,Ford,E-Series Wagon MDPV,16,VANS,T,G,65.1,29495,15.96165371,3240.577608,14.21,4014.864127,,,,,,,,,,,,,,,,,
167,Ford,Ford,Expedition,11,SUV,T,G,55.37287645,37758,18.362,28394,18.90,4866.964247,,,,,,,,,,,,,,,,,
168,Ford,Ford,Explorer 2WD,12,SUV,T,G,48.4409375,30243,20.79442532,31055,20.47,3037.096236,,,,,,,,,,,,,,,,,
169,Ford,Ford,Explorer 4WD,12,SUV,T,G,48.4409375,32704,19.40611496,57486,19.61,2896.389641,,,,,,,,,,,,,,,,,
170,Ford,Ford,Explorer Sport Trac 2WD,18,STANDARD PICKUP TRUCKS,T,G,55.8,27180,20.7463083,13129,20.49,1029.74613,,,,,,,,,,,,,,,,,
171,Ford,Ford,Explorer Sport Trac 4WD,18,STANDARD PICKUP TRUCKS,T,G,55.8,30040,19.34629352,9113,19.71,334.9981323,,,,,,,,,,,,,,,,,
172,Ford,Ford,F150 FFV 2WD 126WB,18,STANDARD PICKUP TRUCKS,T,G,58.8,24498,18.9527902,3375.45,20.73,-2438.166906,,,,,,,,,,,,,,,,,
173,Ford,Ford,F150 FFV 2WD 133 WB,18,STANDARD PICKUP TRUCKS,T,G,61.7,24498,18.9527902,750.1,20.73,13761.83309,,,,,,,,,,,,,,,,,
174,Ford,Ford,F150 FFV 2WD 145 WB,18,STANDARD PICKUP TRUCKS,T,G,67.4,24498,18.9527902,29628.95,20.73,-2138.166906,,,,,,,,,,,,,,,,,
175,Ford,Ford,F150 FFV 2WD 157WB,18,STANDARD PICKUP TRUCKS,T,G,73,24498,18.9527902,3375.45,20.73,1096.833094,,,,,,,,,,,,,,,,,
176,Ford,Ford,F150 FFV 2WD 163WB,18,STANDARD PICKUP TRUCKS,T,G,76,24498,18.9527902,375.05,20.73,1686.833094,,,,,,,,,,,,,,,,,
177,Ford,Ford,F150 FFV 4WD 126WB,18,STANDARD PICKUP TRUCKS,T,G,58.8,29940,18.5585,8660.7,19.58,-540.06,,,,,,,,,,,,,,,,,
178,Ford,Ford,F150 FFV 4WD 133WB,18,STANDARD PICKUP TRUCKS,T,G,61.7,29940,18.5585,1924.6,19.58,8319.94,,,,,,,,,,,,,,,,,
179,Ford,Ford,F150 FFV 4WD 145WB,18,STANDARD PICKUP TRUCKS,T,G,67.4,29940,18.5585,76021.7,19.58,5464.94,,,,,,,,,,,,,,,,,
180,Ford,Ford,F150 FFV 4WD 157WB,18,STANDARD PICKUP TRUCKS,T,G,73,29940,18.5585,8660.7,19.58,8714.94,,,,,,,,,,,,,,,,,
181,Ford,Ford,F150 FFV 4WD 163WB,18,STANDARD PICKUP TRUCKS,T,G,76,29940,18.5585,962.3,19.58,3299.94,,,,,,,,,,,,,,,,,
182,Ford,Ford,F150 Pickup 2WD 126WB,18,STANDARD PICKUP TRUCKS,T,G,58.8,23910,20.20980696,13401.72,21.48,-1849.662556,,,,,,,,,,,,,,,,,
183,Ford,Ford,F150 Pickup 2WD 133WB,18,STANDARD PICKUP TRUCKS,T,G,61.7,23910,20.20980696,2978.16,21.48,14350.33744,,,,,,,,,,,,,,,,,
184,Ford,Ford,F150 Pickup 2WD 145WB,18,STANDARD PICKUP TRUCKS,T,G,67.4,23910,20.20980696,117637.32,21.48,-1549.662556,,,,,,,,,,,,,,,,,
185,Ford,Ford,F150 Pickup 2WD 157WB,18,STANDARD PICKUP TRUCKS,T,G,73,23910,20.20980696,13401.72,21.48,1685.337444,,,,,,,,,,,,,,,,,
186,Ford,Ford,F150 Pickup 2WD 163WB,18,STANDARD PICKUP TRUCKS,T,G,76,23910,20.20980696,1489.08,21.48,2275.337444,,,,,,,,,,,,,,,,,
187,Ford,Ford,F150 Pickup 4WD 126WB,18,STANDARD PICKUP TRUCKS,T,G,58.8,29100,18.38287138,6030.09,20.33,299.9324777,,,,,,,,,,,,,,,,,
188,Ford,Ford,F150 Pickup 4WD 133WB,18,STANDARD PICKUP TRUCKS,T,G,61.7,29100,18.38287138,1340.02,20.33,9159.932478,,,,,,,,,,,,,,,,,
189,Ford,Ford,F150 Pickup 4WD 145WB,18,STANDARD PICKUP TRUCKS,T,G,67.4,29100,18.38287138,52930.79,20.33,6304.932478,,,,,,,,,,,,,,,,,
190,Ford,Ford,F150 Pickup 4WD 157WB,18,STANDARD PICKUP TRUCKS,T,G,73,29100,18.38287138,6030.09,20.33,9554.932478,,,,,,,,,,,,,,,,,
191,Ford,Ford,F150 Pickup 4WD 163WB,18,STANDARD PICKUP TRUCKS,T,G,76,29100,18.38287138,670.01,20.33,4139.932478,,,,,,,,,,,,,,,,,
192,Ford,Ford,Focus FWD,8,COMPACT CARS,C,G,41.6959375,16162,36.14874683,180249,37.27,1008.1,,,,,,,,,,,,,,,,,
193,Ford,Ford,Fusion AWD,9,MIDSIZE CARS,C,G,46.10105869,25056,25.9579,7352,25.94,3058.7,,,,,,,,,,,,,,,,,
194,Ford,Ford,Fusion FWD,9,MIDSIZE CARS,C,G,46.10105869,21651,30.21681558,130439,31.84,-192.0420089,,,,,,,,,,,,,,,,,
195,Ford,Ford,Generic Mini Car,7,SUBCOMPACT CARS,C,G,40.80169774,25758,36.33965625,1,36.34,-505.050505,,,,,,,,,,,,,,,,,
196,Ford,Ford,Mustang,7,SUBCOMPACT CARS,C,G,46.7446875,24479,23.53888604,94476,25.23,1917.527573,,,,,,,,,,,,,,,,,
197,Ford,Ford,Ranger 2WD,17,SMALL PICKUP TRUCKS,T,G,47.9495,16204,25.18002271,67938,26.15,3571.996599,,,,,,,,,,,,,,,,,
198,Ford,Ford,Ranger 4WD,17,SMALL PICKUP TRUCKS,T,G,47.9495,20664,19.8178207,17114,20.30,4240.671357,,,,,,,,,,,,,,,,,
199,Ford,Ford,Shelby Mustang GT,1,TWO SEATERS,C,G,46.7446875,47797,21.98677307,3244,21.80,-1032.460345,,,,,,,,,,,,,,,,,
200,Ford,Ford,Taurus AWD,5,LARGE CARS,C,G,51.42583333,26362,25.5332,10265,25.72,2858.1,,,,,,,,,,,,,,,,,
201,Ford,Ford,Taurus FWD,5,LARGE CARS,C,G,51.42583333,24474,27.3071,70830,27.00,2896.12,,,,,,,,,,,,,,,,,
202,Ford,Ford,Taurus X AWD,12,SUV,C,G,50.4521875,30427,22.9313,14830,23.31,6168.4,,,,,,,,,,,,,,,,,
203,Ford,Ford,Taurus X FWD,12,SUV,C,G,50.4521875,28540,24.1996,27271,25.91,3210.4,,,,,,,,,,,,,,,,,
204,GENERAL MOTORS,GMC,Acadia AWD,11,SUV,T,G,55.8,34759,22.068,34264,23.96,1606.46,,,,,,,,,,,,,,,,,
205,GENERAL MOTORS,GMC,Acadia FWD,12,SUV,T,G,55.8,32719,24.5122,52589,24.78,1646.46,,,,,,,,,,,,,,,,,
206,GENERAL MOTORS,GMC,C15 Sierra 2WD 119WB,18,STANDARD PICKUP TRUCKS,T,G,55.9,27727,20.94361716,14039.19,21.89,-6877.265718,,,,,,,,,,,,,,,,,
207,GENERAL MOTORS,GMC,C15 Sierra 2WD 133WB/134WB,18,STANDARD PICKUP TRUCKS,T,G,62.51896653,26394,21.1370759,13054.89,19.63,-5154.033673,,,,,,,,,,,,,,,,,
208,GENERAL MOTORS,GMC,C15 Sierra 2WD 143WB,18,STANDARD PICKUP TRUCKS,T,G,67.4,29470,20.85004049,32827.84,21.45,-3965.921899,,,,,,,,,,,,,,,,,
209,GENERAL MOTORS,GMC,C15 Sierra 2WD 157WB,18,STANDARD PICKUP TRUCKS,T,G,73.9,30192,21.32298911,2079.08,22.22,-2757.213765,,,,,,,,,,,,,,,,,
210,GENERAL MOTORS,GMC,C1500 Yukon 2WD,11,SUV,T,G,54.4,39330,19.95701438,15793,21.68,-122.6641384,,,,,,,,,,,,,,,,,
211,GENERAL MOTORS,GMC,C1500 Yukon Hybrid 2WD,11,SUV,T,G,54.4,51964,28.2089,1263,27.11,-778.9,,,,,,,,,,,,,,,,,
212,GENERAL MOTORS,GMC,C1500 Yukon XL 2WD,11,SUV,T,G,61,40393,19.9338823,9025,21.57,5689.730526,,,,,,,,,,,,,,,,,
213,GENERAL MOTORS,GMC,Canyon 2WD,17,SMALL PICKUP TRUCKS,T,G,45.69829979,16838,24.36695285,6604,26.26,466.1094794,,,,,,,,,,,,,,,,,
214,GENERAL MOTORS,GMC,Canyon 4WD,17,SMALL PICKUP TRUCKS,T,G,45.69829979,21020,22.60914422,2962,23.23,-403.7238069,,,,,,,,,,,,,,,,,
215,GENERAL MOTORS,GMC,Canyon Cab Chassis INC 2WD,17,SMALL PICKUP TRUCKS,T,G,45.69829979,20451,19.4065,28,21.78,-1221,,,,,,,,,,,,,,,,,
216,GENERAL MOTORS,GMC,Canyon Cab Chassis INC 4WD,17,SMALL PICKUP TRUCKS,T,G,45.69829979,23691,20.9877,6,23.01,-1160.52,,,,,,,,,,,,,,,,,
217,GENERAL MOTORS,GMC,Canyon Crew Cab 2WD,17,SMALL PICKUP TRUCKS,T,G,45.69829979,22813,23.56949772,4524,24.88,3644.953091,,,,,,,,,,,,,,,,,
218,GENERAL MOTORS,GMC,Canyon Crew Cab 4WD,17,SMALL PICKUP TRUCKS,T,G,45.69829979,25515,20.9877,3899,22.42,2378.475655,,,,,,,,,,,,,,,,,
219,GENERAL MOTORS,GMC,Envoy 2WD,12,SUV,T,G,49.12361111,30566,21.14221504,14656,31.36,-5388.964129,,,,,,,,,,,,,,,,,
220,GENERAL MOTORS,GMC,Envoy 4WD,12,SUV,T,G,49.12361111,33404,20.33521592,21734,27.63,-5531.934438,,,,,,,,,,,,,,,,,
221,GENERAL MOTORS,GMC,G1500/2500 Savana 2WD Cargo,16,VANS,T,G,63.5625,23799,20.67182452,1829,21.08,1785.599784,,,,,,,,,,,,,,,,,
222,GENERAL MOTORS,GMC,G1500/2500 Savana 2WD Cargo CONV,16,VANS,T,G,63.5625,24608,17.5293,491,18.35,4597.5,,,,,,,,,,,,,,,,,
223,GENERAL MOTORS,GMC,G1500/2500 Savana 2WD Pass,16,VANS,T,G,63.5625,27244,17.50040698,219,18.35,1270.8,,,,,,,,,,,,,,,,,
224,GENERAL MOTORS,GMC,H1500 Savana AWD Cargo CONV,16,VANS,T,G,63.5625,28402,17.7589,183,18.36,1303.1,,,,,,,,,,,,,,,,,
225,GENERAL MOTORS,GMC,H1500 Savana Pass Van AWD,16,VANS,T,G,63.5625,30411,17.7589,186,18.36,1658.7,,,,,,,,,,,,,,,,,
226,GENERAL MOTORS,GMC,H1500/2500 Savana Cargo AWD,16,VANS,T,G,63.5625,28402,19.0973,538,18.35,1303.1,,,,,,,,,,,,,,,,,
227,GENERAL MOTORS,GMC,K15 Sierra 4WD 119WB,18,STANDARD PICKUP TRUCKS,T,G,55.9,31794,20.26910054,6814.53,18.91,-7704.028182,,,,,,,,,,,,,,,,,
228,GENERAL MOTORS,GMC,K15 Sierra 4WD 133WB/134WB,18,STANDARD PICKUP TRUCKS,T,G,62.53830572,31535,20.306438,20093.42,20.57,-7145.030721,,,,,,,,,,,,,,,,,
229,GENERAL MOTORS,GMC,K15 Sierra 4WD 143WB,18,STANDARD PICKUP TRUCKS,T,G,67.4,33589,19.94514302,47947.51,21.11,-4114.079974,,,,,,,,,,,,,,,,,
230,GENERAL MOTORS,GMC,K15 Sierra 4WD 157WB,18,STANDARD PICKUP TRUCKS,T,G,73.9,31540,20.13211315,3345.54,20.28,-1154.633598,,,,,,,,,,,,,,,,,
231,GENERAL MOTORS,GMC,K1500 Yukon 4WD,11,SUV,T,G,54.4,40777,20.2962,10652,21.98,12223.46,,,,,,,,,,,,,,,,,
232,GENERAL MOTORS,GMC,K1500 Yukon Hybrid 4WD,11,SUV,T,G,54.4,54830,25.9934,1519,20.65,1137.786983,,,,,,,,,,,,,,,,,
233,GENERAL MOTORS,GMC,K2500 Yukon XL MDPV,11,SUV,T,G,60.7,43642,14.4,1595.794857,15.43,1947.039152,,,,,,,,,,,,,,,,,
234,HONDA,Honda,Accord 2DR Coupe,8,COMPACT CARS,C,G,46.6,26836,30.3956945,48713,31.24,-1175.267458,,,,,,,,,,,,,,,,,
235,HONDA,Honda,Accord 4DR Sedan,5,LARGE CARS,C,G,46.6,24790,31.2411741,335544,31.93,-357.0325265,,,,,,,,,,,,,,,,,
236,HONDA,Honda,Civic,7,SUBCOMPACT CARS,C,G,43.2,18912,38.51558946,322284,39.47,-649.3677747,,,,,,,,,,,,,,,,,
237,HONDA,Honda,Civic Hybrid,8,COMPACT CARS,C,G,44,23700,58.8362,32017,58.84,100.3,,,,,,,,,,,,,,,,,
238,HONDA,Honda,CR-V 2WD,14,SUV,C,G,44.1,22909,29.7231,89561,31.25,935.8,,,,,,,,,,,,,,,,,
239,HONDA,Honda,CR-V 4WD,14,SUV,T,G,44.1,24133,28.8185,138754,30.43,961.8,,,,,,,,,,,,,,,,,
240,HONDA,Honda,Element 2WD,14,SUV,C,G,43.9,21981,28.24518679,17580,28.33,654,,,,,,,,,,,,,,,,,
241,HONDA,Honda,Element 4WD,14,SUV,T,G,43.9,22460,27.28950237,20400,27.36,1424.6,,,,,,,,,,,,,,,,,
242,HONDA,Honda,Fit,8,SMALL STATION WAGONS,C,G,39.5,15550,39.94481931,74486,40.20,-649.9,,,,,,,,,,,,,,,,,
243,HONDA,Honda,Odyssey 2WD,15,MINIVAN,T,G,54.7,32974,25.19955787,135622,24.92,-3068.54,,,,,,,,,,,,,,,,,
244,HONDA,Honda,Pilot 2WD,12,SUV,T,G,51.3,31498,23.5655,31178,24.50,-752.6,,,,,,,,,,,,,,,,,
245,HONDA,Honda,Pilot 4WD,12,SUV,T,G,51.3,32926,21.942,57535,23.67,-550.6,,,,,,,,,,,,,,,,,
246,HONDA,Honda,Ridgeline 4WD,18,STANDARD PICKUP TRUCKS,T,G,47.6,31251,21.3902,43000,21.96,304.24,,,,,,,,,,,,,,,,,
247,GENERAL MOTORS,Hummer,H3 4WD,11,SUV,T,G,50.7,36453,19.13213077,29193,19.98,-62.43470634,,,,,,,,,,,,,,,,,
248,HYUNDAI,Hyundai,Accent,8,COMPACT CARS,C,G,41.4,13646,37.17144961,51562,40.24,-1722.366951,,,,,,,,,,,,,,,,,
249,HYUNDAI,Hyundai,Azera,5,LARGE CARS,C,G,47.05,29704,26.12189214,11462,26.27,-814.8856687,,,,,,,,,,,,,,,,,
250,HYUNDAI,Hyundai,Elantra,9,MIDSIZE CARS,C,G,44,15805,36.63493307,109498,38.73,966.7683599,,,,,,,,,,,,,,,,,
251,HYUNDAI,Hyundai,Santa Fe 2WD,12,SUV,C,G,47.00857137,24152,26.18770427,50569,30.02,2621.45485,,,,,,,,,,,,,,,,,
252,HYUNDAI,Hyundai,Santa Fe 4WD,12,SUV,T,G,47.00857137,27062,24.87093726,26196,29.64,1786.192233,,,,,,,,,,,,,,,,,
253,HYUNDAI,Hyundai,Sonata,10,LARGE CARS,C,G,46.01791667,21521,31.02056815,87456,32.95,635.7733776,,,,,,,,,,,,,,,,,
254,HYUNDAI,Hyundai,Tiburon,7,SUBCOMPACT CARS,C,G,40.8775,19483,28.03711261,10315,28.04,-382.0156083,,,,,,,,,,,,,,,,,
255,HYUNDAI,Hyundai,Tucson 2WD,14,SUV,C,G,44.96423094,19810,27.4153128,17007,33.96,-814.8079203,,,,,,,,,,,,,,,,,
256,HYUNDAI,Hyundai,Tucson 4WD,14,SUV,T,G,44.96423094,24806,24.8765,5481,31.14,-3311.4,,,,,,,,,,,,,,,,,
257,HYUNDAI,Hyundai,Veracruz 2WD,12,SUV,T,G,50.37,31156,23.5845,8174,24.66,-3010.9,,,,,,,,,,,,,,,,,
258,HYUNDAI,Hyundai,Veracruz 4WD,12,SUV,T,G,50.37,32890,22.7473,5090,23.67,-2844.9,,,,,,,,,,,,,,,,,
259,Nissan,Infiniti,EX35,3,SMALL STATION WAGONS,C,G,48.7,35328,24.51947077,15202,24.52,-666.440878,,,,,,,,,,,,,,,,,
260,Nissan,Infiniti,FX35 AWD,11,SUV,T,G,50.88333333,57186,21.4943,9788,23.14,-12886.3,,,,,,,,,,,,,,,,,
261,Nissan,Infiniti,FX35 RWD,11,SUV,C,G,50.88333333,54024,22.9727,5391,23.97,-11224.3,,,,,,,,,,,,,,,,,
262,Nissan,Infiniti,FX45 AWD,11,SUV,T,G,49.16284722,51831,18.6142,395,21.03,7168.7,,,,,,,,,,,,,,,,,
263,Nissan,Infiniti,G37 Coupe,2,SUBCOMPACT CARS,C,G,47.6,36429,26.28836413,29182,26.95,3934.252826,,,,,,,,,,,,,,,,,
264,Nissan,Infiniti,M35,5,LARGE CARS,C,G,49.2,44640,24.0053,7874,25.25,1159.7,,,,,,,,,,,,,,,,,
265,Nissan,Infiniti,M35X,5,LARGE CARS,C,G,49.2,46425,23.1733,6508,23.41,1524.7,,,,,,,,,,,,,,,,,
266,Nissan,Infiniti,M45,5,LARGE CARS,C,G,49.2,51066,22.9377,926,23.04,1083.7,,,,,,,,,,,,,,,,,
267,Nissan,Infiniti,M45X,5,LARGE CARS,C,G,49.2,53616,20.6885,1214,20.69,1033.7,,,,,,,,,,,,,,,,,
268,Nissan,Infiniti,QX56 2WD,11,SUV,T,G,57.75,54024,18.1142,5019,18.26,2675.7,,,,,,,,,,,,,,,,,
269,Nissan,Infiniti,QX56 4WD,11,SUV,T,G,57.75,57186,17.4388,8334,18.02,2613.7,,,,,,,,,,,,,,,,,
270,Tata,Jaguar,Jaguar XJ,5,LARGE CARS,C,G,53.82579682,68385,24.74020075,2670,22.81,25161.78916,,,,,,,,,,,,,,,,,
271,Tata,Jaguar,Jaguar XK,19,SUBCOMPACT CARS,C,G,46.8,77010,24.8205,533,24.04,5140,,,,,,,,,,,,,,,,,
272,Tata,Jaguar,Jaguar XK Convertible,19,SUBCOMPACT CARS,C,G,46.8,83130,24.8205,1009,23.30,5020,,,,,,,,,,,,,,,,,
273,Tata,Jaguar,Jaguar XKR,19,SUBCOMPACT CARS,C,G,46.8,88434,23.067,516,21.97,6716,,,,,,,,,,,,,,,,,
274,Tata,Jaguar,Jaguar XKR Convertible,19,SUBCOMPACT CARS,C,G,46.8,94554,23.067,749,21.97,6596,,,,,,,,,,,,,,,,,
275,Tata,Jaguar,Jaguar X-Type,3,COMPACT CARS,C,G,46.8,36558,23.5888,807,23.67,17919.06655,,,,,,,,,,,,,,,,,
276,Chrysler/Fiat,Jeep,Commander 2WD,12,SUV,T,G,47.60208333,32128,20.08228199,9288,20.68,999.2956142,,,,,,,,,,,,,,,,,
277,Chrysler/Fiat,Jeep,Commander 4WD,12,SUV,T,G,47.60208333,35570,19.66999027,27179,20.27,800.6461522,,,,,,,,,,,,,,,,,
278,Chrysler/Fiat,Jeep,Compass 2WD,14,SUV,C,G,43.06430556,18770,30.52449258,15487,30.06,-49.70944018,,,,,,,,,,,,,,,,,
279,Chrysler/Fiat,Jeep,Compass 4WD,14,SUV,T,G,43.06430556,21216,29.31465039,10660,29.31,-746,,,,,,,,,,,,,,,,,
280,Chrysler/Fiat,Jeep,Grand Cherokee 2WD,11,SUV,T,G,47.19913276,31978,21.51007483,17120,22.20,-1267.542173,,,,,,,,,,,,,,,,,
281,Chrysler/Fiat,Jeep,Grand Cherokee 4WD,11,SUV,T,G,47.22503884,35590,20.5317586,77479,20.79,-2568.95092,,,,,,,,,,,,,,,,,
282,Chrysler/Fiat,Jeep,Liberty 2WD,14,SUV,C,G,44.94513889,23544,23.52706837,21353,23.33,-288.64,,,,,,,,,,,,,,,,,
283,Chrysler/Fiat,Jeep,Liberty 4WD,14,SUV,T,G,44.94513889,25186,22.11234512,69177,21.85,-320.84,,,,,,,,,,,,,,,,,
284,Chrysler/Fiat,Jeep,Patriot 2WD,14,SUV,C,G,43.06430556,18074,30.54350704,34401,30.15,-278.7605913,,,,,,,,,,,,,,,,,
285,Chrysler/Fiat,Jeep,Patriot 4WD,14,SUV,T,G,43.06430556,21092,29.38667456,27094,29.33,-1546.56,,,,,,,,,,,,,,,,,
286,Chrysler/Fiat,Jeep,Wrangler 2WD,13,SUV,C,G,41.00875,24169,21.7975799,5746,21.90,4311.1,,,,,,,,,,,,,,,,,
287,Chrysler/Fiat,Jeep,Wrangler 4WD,13,SUV,T,G,41.00875,22977,21.61873797,114964,21.77,5576.450714,,,,,,,,,,,,,,,,,
288,Kia,Kia,Optima,9,MIDSIZE CARS,C,G,48.2,19195,32.07537029,47198,33.27,1851.235934,,,,,,,,,,,,,,,,,
289,Kia,Kia,Rio,8,COMPACT CARS,C,G,41.3,13690,38.23577513,35014,40.45,104.56,,,,,,,,,,,,,,,,,
290,Kia,Kia,Rondo,9,MIDSIZE STATION WAGONS,C,G,45.13415277,19972,27.51811838,23441,29.13,-2476.023409,,,,,,,,,,,,,,,,,
291,Kia,Kia,Sedona,15,MINIVAN,T,G,54.74354167,24704,23.7736,31800,24.72,-509.4,,,,,,,,,,,,,,,,,
292,Kia,Kia,Sportage 2WD,12,SUV,C,G,46.30486572,17913,27.57875779,26201,28.70,-634.0931261,,,,,,,,,,,,,,,,,
293,Kia,Kia,Sportage 4WD,12,SUV,T,G,46.30486572,23068,24.317792,14468,25.71,-600.9484976,,,,,,,,,,,,,,,,,
294,Volkswagen,Lamborghini,Gallardo,19,COMPACT CARS,C,G,44.31,183651,16.57336424,280,19.02,14349,,,,,,,,,,,,,,,,,
295,Volkswagen,Lamborghini,Gallardo Spyder,19,COMPACT CARS,C,G,44.31,210120,15.55006076,512,19.20,10880,,,,,,,,,,,,,,,,,
296,Volkswagen,Lamborghini,Marcielago,19,MIDSIZE CARS,C,G,47.75135417,319872,13.65797546,156,13.60,34128,,,,,,,,,,,,,,,,,
297,Volkswagen,Lamborghini,Marcielago Roadster,19,MIDSIZE CARS,C,G,47.75135417,351900,13.64047791,132,13.69,30500,,,,,,,,,,,,,,,,,
298,Tata,Land Rover,LR2,11,SUV,T,G,45.98802083,36134,22.7091,14659,22.36,-633.5,,,,,,,,,,,,,,,,,
299,Tata,Land Rover,LR3,11,SUV,T,G,49.97611111,53091,18.4057,7751,18.41,-1041,,,,,,,,,,,,,,,,,
300,Tata,Land Rover,Range Rover,11,SUV,T,G,50.5,65006,18.20374682,14055,18.14,19153.57922,,,,,,,,,,,,,,,,,
301,Tata,Land Rover,Range Rover Sport,19,SUV,T,G,47.5,84377,18.24697678,19119,18.23,-21685.26935,,,,,,,,,,,,,,,,,
302,TOYOTA,Lexus,ES 350,4,MIDSIZE CARS,C,G,46.89566685,35175,28.6873,79585,28.69,0.3,,,,,,,,,,,,,,,,,
303,TOYOTA,Lexus,GS 350,4,MIDSIZE CARS,C,G,47.13958333,45813,28.6658,9851,28.15,-213.3,,,,,,,,,,,,,,,,,
304,TOYOTA,Lexus,GS 350 AWD,4,MIDSIZE CARS,C,G,47.13958333,47802,26.6628,7766,26.66,-252.3,,,,,,,,,,,,,,,,,
305,TOYOTA,Lexus,GS 450H,3,COMPACT CARS,C,G,47.13958333,56778,30.823,768,30.82,671.7,,,,,,,,,,,,,,,,,
306,TOYOTA,Lexus,GS 460,4,MIDSIZE CARS,C,G,47.13958333,54453,25.4158,1645,25.42,-382.7,,,,,,,,,,,,,,,,,
307,TOYOTA,Lexus,GX 470,11,SUV,T,G,47.6,48532,19.6279,22523,21.99,3438.4,,,,,,,,,,,,,,,,,
308,TOYOTA,Lexus,IS 250,2,SUBCOMPACT CARS,C,G,45.10670493,31844,31.39268532,31514,31.27,300.6,,,,,,,,,,,,,,,,,
309,TOYOTA,Lexus,IS 250 AWD,2,SUBCOMPACT CARS,C,G,45.10670493,35547,28.7628,17299,28.76,-1772,,,,,,,,,,,,,,,,,
310,TOYOTA,Lexus,IS 350,2,SUBCOMPACT CARS,C,G,45.10670493,37403,26.5704,6322,28.15,191.6,,,,,,,,,,,,,,,,,
311,TOYOTA,Lexus,IS F,2,SUBCOMPACT CARS,C,G,45.10670493,57120,23.7788,2796,23.78,1340,,,,,,,,,,,,,,,,,
312,TOYOTA,Lexus,LS 460,4,MIDSIZE CARS,C,G,45.10670493,63510,24.5642,21893,24.30,3202.45352,,,,,,,,,,,,,,,,,
313,TOYOTA,Lexus,LS 460 L,4,MIDSIZE CARS,C,G,45.10670493,73710,24.7254,4869,24.22,-1159.899038,,,,,,,,,,,,,,,,,
314,TOYOTA,Lexus,LS 600HL,19,MIDSIZE CARS,C,G,45.10670493,106860,26.9406,2113,26.94,1939.7,,,,,,,,,,,,,,,,,
315,TOYOTA,Lexus,LX 570,11,SUV,T,G,50.3,76056,18.3211,6780,18.32,848.7,,,,,,,,,,,,,,,,,
316,TOYOTA,Lexus,RX 350 2WD,11,SUV,C,G,46.2,38928,25.7193,35488,26.98,-1303.3,,,,,,,,,,,,,,,,,
317,TOYOTA,Lexus,RX 350 4WD,11,SUV,T,G,46.2,40356,24.6127,54007,26.52,-1331.3,,,,,,,,,,,,,,,,,
318,TOYOTA,Lexus,RX 400H 2WD,11,SUV,C,G,46.4,42784,34.1139,6012,40.36,-98.9,,,,,,,,,,,,,,,,,
319,TOYOTA,Lexus,RX 400H 4WD,11,SUV,T,G,46.4,44212,33.4232,20020,38.56,63.1,,,,,,,,,,,,,,,,,
320,TOYOTA,Lexus,SC 430,2,SUBCOMPACT CARS,C,G,43.50072949,67544,24.1927,2807,24.19,860.6,,,,,,,,,,,,,,,,,
321,Ford,Lincoln,MKX AWD,11,SUV,T,G,50.59416667,38602,22.9313,19528,24.60,2093.1,,,,,,,,,,,,,,,,,
322,Ford,Lincoln,MKX FWD,11,SUV,C,G,50.59416667,36817,24.1996,17356,25.91,2028.1,,,,,,,,,,,,,,,,,
323,Ford,Lincoln,MKZ AWD,4,MIDSIZE CARS,C,G,46.07964814,33828,25.5332,9144,24.83,2326.7,,,,,,,,,,,,,,,,,
324,Ford,Lincoln,MKZ FWD,4,MIDSIZE CARS,C,G,46.07964814,31921,27.3071,23313,26.83,2304.1,,,,,,,,,,,,,,,,,
325,Ford,Lincoln,Navigator 2WD,11,SUV,T,G,55.37287645,49628,18.362,7097,20.20,5321.9,,,,,,,,,,,,,,,,,
326,Ford,Lincoln,Town Car,5,LARGE CARS,C,G,52.76827532,45520,22.44661282,12300,24.73,-636.9703726,,,,,,,,,,,,,,,,,
327,Chrysler/Fiat,Maserati,Granturismo,19,LARGE CARS,C,G,50.26041667,112200,19.3,1465,18.62,15722.14358,,,,,,,,,,,,,,,,,
328,Chrysler/Fiat,Maserati,Quattroporte,19,LARGE CARS,C,G,52.385625,117045,17.6,1196,17.72,7468.959391,,,,,,,,,,,,,,,,,
329,Daimler,Maybach,57 S,19,LARGE CARS,C,G,61.465625,387600,15.3,57,15.21,17400,,,,,,,,,,,,,,,,,
330,Mazda,Mazda,CX-7 2WD,12,SUV,C,G,47.8,26294,24.892,20000,29.32,-3324.171006,,,,,,,,,,,,,,,,,
331,Mazda,Mazda,CX-7 4WD,12,SUV,T,G,47.8,28096,23.9919,13134,25.14,-445.9,,,,,,,,,,,,,,,,,
332,Mazda,Mazda,CX-9 2WD,12,SUV,C,G,51,32692,22.1503,17203,23.28,-1967.02,,,,,,,,,,,,,,,,,
333,Mazda,Mazda,CX-9 4WD,11,SUV,T,G,51,34018,23.5361,18830,22.18,-1893.02,,,,,,,,,,,,,,,,,
334,Mazda,Mazda,Generic Mini Car,7,SUBCOMPACT CARS,C,G,40.80169774,25758,36.33965625,1,36.34,-504.575755,,,,,,,,,,,,,,,,,
335,Mazda,Mazda,Mazda 3,8,COMPACT CARS,C,G,43.26446153,17292,33.39566555,120960,34.63,1996.683794,,,,,,,,,,,,,,,,,
336,Mazda,Mazda,Mazda 5,15,MINIVAN,T,G,45.3,21377,30.67961688,16389,30.70,107.84,,,,,,,,,,,,,,,,,
337,Mazda,Mazda,Mazda 6,9,MIDSIZE CARS,C,G,47.89993955,23398,30.69801015,44114,31.39,-1875.113566,,,,,,,,,,,,,,,,,
338,Mazda,Mazda,Mazda RX-8,2,SUBCOMPACT CARS,C,G,43.66649358,30430,24.02765427,2106,24.03,1680.26735,,,,,,,,,,,,,,,,,
339,Mazda,Mazda,Mazdaspeed 3,9,MIDSIZE CARS,C,G,43.26446153,24268,26.6164,8101,26.96,-927.84,,,,,,,,,,,,,,,,,
340,Mazda,Mazda,MX-5,6,TWO SEATERS,C,G,39.46121459,25504,30.00217638,16044,31.01,-203.6779506,,,,,,,,,,,,,,,,,
341,Mazda,Mazda,Tribute 4WD,14,SUV,T,G,43.5,25044,26.54268871,5646,28.55,1348.668289,,,,,,,,,,,,,,,,,
342,Mazda,Mazda,Tribute FWD,14,SUV,C,G,43.5,23142,28.47947087,17765,30.73,667.4538755,,,,,,,,,,,,,,,,,
343,Mazda,Mazda,Tribute Hybrid 2WD,14,SUV,C,G,43.5,28596,43.4087,367,44.14,579.3,,,,,,,,,,,,,,,,,
344,Mazda,Mazda,Tribute Hybrid 4WD,14,SUV,T,G,43.5,30381,38.0277,56,39.27,544.3,,,,,,,,,,,,,,,,,
345,Daimler,Mercedes-Benz,C300,3,COMPACT CARS,C,G,45.8578125,33941,26.60352388,40905,26.19,-340.5,,,,,,,,,,,,,,,,,
346,Daimler,Mercedes-Benz,C300 4MATIC,3,COMPACT CARS,C,G,45.8578125,36511,26.0593,22578,25.66,589.1,,,,,,,,,,,,,,,,,
347,Daimler,Mercedes-Benz,C350,3,COMPACT CARS,C,G,43.66649358,38480,25.6784,14829,25.62,1270.5,,,,,,,,,,,,,,,,,
348,Daimler,Mercedes-Benz,C63 AMG,3,COMPACT CARS,C,G,51.00239583,54876,18.4931,435,18.82,2474,,,,,,,,,,,,,,,,,
349,Daimler,Mercedes-Benz,CL550,19,COMPACT CARS,C,G,51.00239583,105953,21.1259,2222,21.27,4447.5,,,,,,,,,,,,,,,,,
350,Daimler,Mercedes-Benz,CL600,19,COMPACT CARS,C,G,54.59902778,150629,17.0634,276,17.23,3771.5,,,,,,,,,,,,,,,,,
351,Daimler,Mercedes-Benz,CL63 AMG,19,COMPACT CARS,C,G,51.00239583,140531,17.1496,1409,17.39,4469.5,,,,,,,,,,,,,,,,,
352,Daimler,Mercedes-Benz,CL65 AMG,19,COMPACT CARS,C,G,51.00239583,202292,16.8416,304,16.84,4878.5,,,,,,,,,,,,,,,,,
353,Daimler,Mercedes-Benz,CLS550,3,COMPACT CARS,C,G,51.00239583,69743,21.1259,6190,21.13,2657.5,,,,,,,,,,,,,,,,,
354,Daimler,Mercedes-Benz,CLS63 AMG,19,COMPACT CARS,C,G,51.00239583,95855,18.3549,554,18.04,2095.5,,,,,,,,,,,,,,,,,
355,Daimler,Mercedes-Benz,E350,4,MIDSIZE CARS,C,G,48.39444444,52709,25.6784,15047,25.86,-4229.487117,,,,,,,,,,,,,,,,,
356,Daimler,Mercedes-Benz,E350 4MATIC,4,MIDSIZE CARS,C,G,48.39444444,54239,23.9014,19753,24.75,-3138.5,,,,,,,,,,,,,,,,,
357,Daimler,Mercedes-Benz,E550,4,MIDSIZE CARS,C,G,48.39444444,61379,22.1925,1806,22.63,-5748.267442,,,,,,,,,,,,,,,,,
358,Daimler,Mercedes-Benz,E550 4MATIC,4,MIDSIZE CARS,C,G,48.39444444,62909,19.9254,452,22.72,-4108.5,,,,,,,,,,,,,,,,,
359,Daimler,Mercedes-Benz,E63 AMG,19,MIDSIZE CARS,C,G,48.39444444,87491,18.3549,973,19.42,-1740.5,,,,,,,,,,,,,,,,,
360,Daimler,Mercedes-Benz,G500,19,SUV,T,G,46.43833333,88715,16.4789,593,16.21,15285.5,,,,,,,,,,,,,,,,,
361,Daimler,Mercedes-Benz,G55 AMG,19,SUV,T,G,46.43833333,112889,15.1536,538,15.21,9811.5,,,,,,,,,,,,,,,,,
362,Daimler,Mercedes-Benz,GL450 4MATIC,11,SUV,T,G,54.70524306,57401,18.8161,17261,18.80,3549.5,,,,,,,,,,,,,,,,,
363,Daimler,Mercedes-Benz,GL550 4MATIC,19,SUV,T,G,54.70524306,79305,18.3543,7040,18.09,3545,,,,,,,,,,,,,,,,,
364,Daimler,Mercedes-Benz,ML350 4MATIC,11,SUV,T,G,51.01760417,45314,21.611,27587,21.95,2099.693976,,,,,,,,,,,,,,,,,
365,Daimler,Mercedes-Benz,ML550 4MATIC,11,SUV,T,G,51.01760417,54239,19.2178,3218,19.22,2511.5,,,,,,,,,,,,,,,,,
366,Daimler,Mercedes-Benz,ML63 AMG,19,SUV,T,G,51.01760417,89174,15.4034,954,15.19,2676.5,,,,,,,,,,,,,,,,,
367,Daimler,Mercedes-Benz,R350 4MATIC,11,SUV,T,G,57.4975,46079,20.9116,6939,20.61,4721.5,,,,,,,,,,,,,,,,,
368,Daimler,Mercedes-Benz,S550,19,LARGE CARS,C,G,54.59902778,89225,21.1259,12093,19.59,2375.5,,,,,,,,,,,,,,,,,
369,Daimler,Mercedes-Benz,S550 4MATIC,19,LARGE CARS,C,G,54.59902778,92285,21.0947,11045,20.53,2315.5,,,,,,,,,,,,,,,,,
370,Daimler,Mercedes-Benz,S600,19,LARGE CARS,C,G,54.59902778,147875,17.0634,444,16.96,1825.5,,,,,,,,,,,,,,,,,
371,Daimler,Mercedes-Benz,S63 AMG,19,LARGE CARS,C,G,54.59902778,130331,17.1496,2294,17.26,3219.5,,,,,,,,,,,,,,,,,
372,Daimler,Mercedes-Benz,S65 AMG,19,LARGE CARS,C,G,54.59902778,136655,16.6054,284,16.61,64495.5,,,,,,,,,,,,,,,,,
373,Daimler,Mercedes-Benz,SL55 AMG,19,TWO SEATERS,C,G,54.59902778,136655,18.0705,417,18.07,-2679.5,,,,,,,,,,,,,,,,,
374,Daimler,Mercedes-Benz,SL550,19,TWO SEATERS,C,G,54.59902778,97997,21.1259,3124,21.13,-1921.5,,,,,,,,,,,,,,,,,
375,Daimler,Mercedes-Benz,SL600,19,TWO SEATERS,C,G,54.59902778,132677,17.3605,74,17.36,-2601.5,,,,,,,,,,,,,,,,,
376,Daimler,Mercedes-Benz,SL65 AMG,19,TWO SEATERS,C,G,54.59902778,191735,17.4521,93,17.45,-3759.5,,,,,,,,,,,,,,,,,
377,Daimler,Mercedes-Benz,SLK280,1,TWO SEATERS,C,G,40.24052083,45569,26.03762484,2834,27.72,1331.5,,,,,,,,,,,,,,,,,
378,Daimler,Mercedes-Benz,SLK350,1,TWO SEATERS,C,G,40.24052083,50975,24.99334111,1178,26.70,925.5,,,,,,,,,,,,,,,,,
379,Daimler,Mercedes-Benz,SLK55 AMG,1,TWO SEATERS,C,G,40.24052083,65000,20.9981,367,21.89,1650.5,,,,,,,,,,,,,,,,,
380,Ford,Mercury,Grand Marquis,5,LARGE CARS,C,G,51.4328655,27821,22.7961,44071,24.52,1989.5,,,,,,,,,,,,,,,,,
381,Ford,Mercury,Mariner 4WD,14,SUV,T,G,43.46583333,25711,25.09069348,24636,26.93,-400.9333171,,,,,,,,,,,,,,,,,
382,Ford,Mercury,Mariner FWD,14,SUV,C,G,43.46583333,23505,26.83793538,23751,29.81,55.08817734,,,,,,,,,,,,,,,,,
383,Ford,Mercury,Mariner Hybrid 4WD,14,SUV,T,G,43.46583333,28937,38.0277,2389,39.27,2917.6,,,,,,,,,,,,,,,,,
384,Ford,Mercury,Mariner Hybrid FWD,14,SUV,C,G,43.46583333,27152,43.4087,2155,44.13,2952.6,,,,,,,,,,,,,,,,,
385,Ford,Mercury,Milan AWD,9,MIDSIZE CARS,C,G,46.10105869,25910,25.9579,2629,26.55,2569.96,,,,,,,,,,,,,,,,,
386,Ford,Mercury,Milan FWD,9,MIDSIZE CARS,C,G,46.10105869,22236,30.06116842,29979,31.48,-213.383908,,,,,,,,,,,,,,,,,
387,Ford,Mercury,Mountaineer 2WD,12,SUV,T,G,48.4409375,29143,20.6930957,3985,20.47,337.388798,,,,,,,,,,,,,,,,,
388,Ford,Mercury,Mountaineer 4WD,12,SUV,T,G,48.4409375,31712,19.36610987,12449,19.76,87.59458752,,,,,,,,,,,,,,,,,
389,BMW,MINI,MINI Clubman,7,SUBCOMPACT CARS,C,G,40,21012,40.03460288,3750,38.54,-562,,,,,,,,,,,,,,,,,
390,BMW,MINI,MINI Clubman S,7,SUBCOMPACT CARS,C,G,40,24582,36.70444906,4602,36.35,-532,,,,,,,,,,,,,,,,,
391,BMW,MINI,MINI Cooper,7,SUBCOMPACT CARS,C,G,38.7,19074,39.91157354,12810,38.73,-274,,,,,,,,,,,,,,,,,
392,BMW,MINI,MINI Cooper Convertible,7,SUBCOMPACT CARS,C,G,38.8,23052,33.60581329,2496,38.61,1198,,,,,,,,,,,,,,,,,
393,BMW,MINI,MINI Cooper S,7,SUBCOMPACT CARS,C,G,38.7,22287,36.86661627,13662,36.33,13,,,,,,,,,,,,,,,,,
394,BMW,MINI,MINI Cooper S Convertible,2,SUBCOMPACT CARS,C,G,38.7,26571,30.70539281,3150,36.38,579,,,,,,,,,,,,,,,,,
395,Mitsubishi,Mitsubishi,Eclipse,2,SUBCOMPACT CARS,C,G,43.5,23793,28.37305762,15222,28.90,-2038.386542,,,,,,,,,,,,,,,,,
396,Mitsubishi,Mitsubishi,Eclipse Spyder,2,SUBCOMPACT CARS,C,G,43.5,27863,27.407226,5824,26.64,1936.786495,,,,,,,,,,,,,,,,,
397,Mitsubishi,Mitsubishi,Endeavor 2WD,12,SUV,T,G,48.1,28814,22.8372,4691,22.79,-814.98,,,,,,,,,,,,,,,,,
398,Mitsubishi,Mitsubishi,Endeavor AWD,12,SUV,T,G,48.1,30344,21.4501,4892,21.45,1155.02,,,,,,,,,,,,,,,,,
399,Mitsubishi,Mitsubishi,Galant,9,MIDSIZE CARS,C,G,46.5,21940,29.57162235,11986,32.06,-341.0897113,,,,,,,,,,,,,,,,,
400,Mitsubishi,Mitsubishi,Generic Mini Car,7,SUBCOMPACT CARS,C,G,40.80169774,25758,36.33965625,1,36.34,-504.575755,,,,,,,,,,,,,,,,,
401,Mitsubishi,Mitsubishi,Lancer,8,COMPACT CARS,C,G,43.36914917,16845,31.98943146,38353,33.10,-874.3299748,,,,,,,,,,,,,,,,,
402,Mitsubishi,Mitsubishi,Lancer Evolution,3,COMPACT CARS,C,G,44,34313,24.02241462,5315,24.00,120.0915663,,,,,,,,,,,,,,,,,
403,Mitsubishi,Mitsubishi,Outlander 2WD,14,SUV,C,G,44.2,23400,27.14124642,8657,30.20,-1360.734832,,,,,,,,,,,,,,,,,
404,Mitsubishi,Mitsubishi,Outlander 4WD,14,SUV,T,G,44.2,24164,26.24128085,5788,28.12,-227.6807779,,,,,,,,,,,,,,,,,
405,Nissan,Nissan,350Z,1,TWO SEATERS,C,G,43.2,34464,26.07202187,9903,27.55,-4053.76,,,,,,,,,,,,,,,,,
406,Nissan,Nissan,350Z Roadster,1,TWO SEATERS,C,G,43.2,39551,25.05357793,2470,26.64,-2230.5,,,,,,,,,,,,,,,,,
407,Nissan,Nissan,Altima,9,MIDSIZE CARS,C,G,46.2,20920,33.5854849,242275,34.96,-814.8194954,,,,,,,,,,,,,,,,,
408,Nissan,Nissan,Altima Coupe,7,SUBCOMPACT CARS,C,G,44.3,23044,32.19755173,53801,33.98,588.706261,,,,,,,,,,,,,,,,,
409,Nissan,Nissan,Altima Hybrid,9,MIDSIZE CARS,C,G,46.2,26107,46.7098,8056,46.71,673.1,,,,,,,,,,,,,,,,,
410,Nissan,Nissan,Armada 2WD,11,SUV,T,G,57.10201389,40112,18.19767811,17859,18.57,2328.5,,,,,,,,,,,,,,,,,
411,Nissan,Nissan,Armada 4WD,11,SUV,T,G,57.10201389,42968,17.76679759,9753,18.17,2272.5,,,,,,,,,,,,,,,,,
412,Nissan,Nissan,Frontier 2WD,17,SMALL PICKUP TRUCKS,T,G,54.1920608,23267,22.09636607,28990,22.44,-3710.897927,,,,,,,,,,,,,,,,,
413,Nissan,Nissan,Frontier 4WD,17,SMALL PICKUP TRUCKS,T,G,54.77985062,26642,20.82348372,18225,20.96,978.4341333,,,,,,,,,,,,,,,,,
414,Nissan,Nissan,Maxima,4,MIDSIZE CARS,C,G,47.2,30478,27.7547,38602,28.55,212.4,,,,,,,,,,,,,,,,,
415,Nissan,Nissan,Pathfinder 2WD,12,SUV,T,G,48.1525,31642,22.22214048,27245,22.46,-1968.44859,,,,,,,,,,,,,,,,,
416,Nissan,Nissan,Pathfinder 4WD,11,SUV,T,G,48.1525,35691,20.65514868,29246,21.08,-2668.365621,,,,,,,,,,,,,,,,,
417,Nissan,Nissan,Rogue AWD,14,SUV,T,G,44.71333333,22343,30.421,50451,30.54,956.9,,,,,,,,,,,,,,,,,
418,Nissan,Nissan,Rogue FWD,14,SUV,C,G,44.71333333,21119,32.3107,27628,32.00,930.9,,,,,,,,,,,,,,,,,
419,Nissan,Nissan,Sentra,9,MIDSIZE CARS,C,G,44.7,16973,36.97995037,119932,39.03,207.2257728,,,,,,,,,,,,,,,,,
420,Nissan,Nissan,Titan 2WD 140WB,18,STANDARD PICKUP TRUCKS,T,G,65.91958333,30576,18.2941516,18425.5,19.02,-2035.52,,,,,,,,,,,,,,,,,
421,Nissan,Nissan,Titan 2WD 160WB,18,STANDARD PICKUP TRUCKS,T,G,75.20868056,30576,18.2941516,18425.5,19.13,614.48,,,,,,,,,,,,,,,,,
422,Nissan,Nissan,Titan 4WD 140WB,18,STANDARD PICKUP TRUCKS,T,G,65.91958333,37841,17.39692442,11267,17.83,-6450.535,,,,,,,,,,,,,,,,,
423,Nissan,Nissan,Titan 4WD 160WB,18,STANDARD PICKUP TRUCKS,T,G,75.20868056,37841,17.39692442,11267,17.83,-3770.535,,,,,,,,,,,,,,,,,
424,Nissan,Nissan,Versa,9,MIDSIZE CARS,C,G,41.5,15462,36.69899732,76223,36.38,-2381.440623,,,,,,,,,,,,,,,,,
425,Nissan,Nissan,Xterra 2WD,14,SUV,C,G,45.62041667,27844,21.87332259,16527,22.13,-2124.288891,,,,,,,,,,,,,,,,,
426,Nissan,Nissan,Xterra 4WD,14,SUV,T,G,45.62041667,29759,21.15632986,19508,21.63,-1988.626637,,,,,,,,,,,,,,,,,
427,GENERAL MOTORS,Pontiac,G5,7,SUBCOMPACT CARS,C,G,44.8,16321,33.45048965,20185,36.85,2859.131092,,,,,,,,,,,,,,,,,
428,GENERAL MOTORS,Pontiac,G6,8,COMPACT CARS,C,G,46.9,21245,27.89492664,154317,31.65,-778.0085271,,,,,,,,,,,,,,,,,
429,GENERAL MOTORS,Pontiac,Vibe,8,SMALL STATION WAGONS,C,G,42.6,17692,38.21800613,20317,33.77,-620.3628774,,,,,,,,,,,,,,,,,
430,PORSCHE,Porsche,911 GT,19,TWO SEATERS,C,G,38.76649306,196411,24.216,201,20.79,-77777.47907,,,,,,,,,,,,,,,,,
431,PORSCHE,Porsche,911 Turbo,19,SUBCOMPACT CARS,C,G,38.41319444,129601,23.52367254,1052,25.05,4148.8,,,,,,,,,,,,,,,,,
432,PORSCHE,Porsche,911 Turbo Cabriolet,19,SUBCOMPACT CARS,C,G,38.41319444,140107,23.2565253,2036,24.31,4642.8,,,,,,,,,,,,,,,,,
433,PORSCHE,Porsche,Boxster,1,TWO SEATERS,C,G,39.160485,47065,29.68160548,2291,29.25,535.16,,,,,,,,,,,,,,,,,
434,PORSCHE,Porsche,Boxster S,1,TWO SEATERS,C,G,39.160485,57691,26.83407493,1776,28.81,308.8,,,,,,,,,,,,,,,,,
435,PORSCHE,Porsche,Carrera 2 Cabriolet,19,SUBCOMPACT CARS,C,G,38.04170139,86353,26.40514714,635,27.76,2446.8,,,,,,,,,,,,,,,,,
436,PORSCHE,Porsche,Carrera 2 Coupe,2,SUBCOMPACT CARS,C,G,38.04170139,75847,26.49353923,887,27.75,1952.8,,,,,,,,,,,,,,,,,
437,PORSCHE,Porsche,Carrera 2 S Cabriolet,19,SUBCOMPACT CARS,C,G,37.7853125,96859,25.48667913,1263,27.66,2940.8,,,,,,,,,,,,,,,,,
438,PORSCHE,Porsche,Carrera 2 S Coupe,19,SUBCOMPACT CARS,C,G,37.7853125,86353,25.40871603,1187,27.41,2446.8,,,,,,,,,,,,,,,,,
439,PORSCHE,Porsche,Carrera 4 Cabriolet,19,SUBCOMPACT CARS,C,G,38.04170139,92371,25.39173883,151,27.30,2728.8,,,,,,,,,,,,,,,,,
440,PORSCHE,Porsche,Carrera 4 Coupe,19,SUBCOMPACT CARS,C,G,38.04170139,81865,25.49798753,140,27.40,2234.8,,,,,,,,,,,,,,,,,
441,PORSCHE,Porsche,Carrera 4 S Cabriolet,19,SUBCOMPACT CARS,C,G,37.7853125,96859,24.72885185,777,27.08,9240.8,,,,,,,,,,,,,,,,,
442,PORSCHE,Porsche,Carrera 4 S Coupe,19,SUBCOMPACT CARS,C,G,37.7853125,92371,24.7640707,913,27.15,2728.8,,,,,,,,,,,,,,,,,
443,PORSCHE,Porsche,Carrera 4 S Targa,19,SUBCOMPACT CARS,C,G,37.7853125,100123,24.73472353,373,27.43,2976.8,,,,,,,,,,,,,,,,,
444,PORSCHE,Porsche,Carrera 4 Targa,19,SUBCOMPACT CARS,C,G,38.04170139,89617,25.35043396,85,27.33,2482.8,,,,,,,,,,,,,,,,,
445,PORSCHE,Porsche,Cayenne,11,SUV,T,G,50.95255917,44268,21.2532385,8402,21.26,1232,,,,,,,,,,,,,,,,,
446,PORSCHE,Porsche,Cayenne GTS,11,SUV,T,G,50.95255917,70590,19.22656339,2243,19.29,1809.997325,,,,,,,,,,,,,,,,,
447,PORSCHE,Porsche,Cayenne S,11,SUV,T,G,50.95255917,59058,19.4085,5815,19.45,1642,,,,,,,,,,,,,,,,,
448,PORSCHE,Porsche,Cayenne Turbo,19,SUV,T,G,50.95255917,95574,18.0594,2337,18.02,4326,,,,,,,,,,,,,,,,,
449,PORSCHE,Porsche,Cayman,1,TWO SEATERS,C,G,39.160485,51265,29.67980465,2156,29.50,134.8,,,,,,,,,,,,,,,,,
450,PORSCHE,Porsche,Cayman S,1,TWO SEATERS,C,G,39.160485,66667,26.83684166,2745,28.90,-5167.2,,,,,,,,,,,,,,,,,
451,BMW,Rolls-Royce,Phantom,19,MIDSIZE CARS,C,G,64.4,417180,17.2999,163,17.27,-27479.2126,,,,,,,,,,,,,,,,,
452,BMW,Rolls-Royce,Phantom Drophead Coupe,19,COMPACT CARS,C,G,60,348840,17.2999,174,17.27,94160,,,,,,,,,,,,,,,,,
453,BMW,Rolls-Royce,Phantom EWB,19,MIDSIZE CARS,C,G,68.9,413100,17.2999,41,17.27,36900,,,,,,,,,,,,,,,,,
454,Ford,Roush,Stage 3 Mustang,2,SUBCOMPACT CARS,C,G,46.41,51000,20.6,186,22.77,8945,,,,,,,,,,,,,,,,,
455,GENERAL MOTORS,Saturn,Aura,9,MIDSIZE CARS,C,G,45,22494,27.82936212,60399,32.78,735.251536,,,,,,,,,,,,,,,,,
456,GENERAL MOTORS,Saturn,Aura Hybrid,9,MIDSIZE CARS,C,G,45,23246,35.7228,316,38.58,3079.2,,,,,,,,,,,,,,,,,
457,GENERAL MOTORS,Saturn,Outlook AWD,12,SUV,T,G,55.8,32120,22.068,10308,23.96,3405.2,,,,,,,,,,,,,,,,,
458,GENERAL MOTORS,Saturn,Outlook FWD,12,SUV,T,G,55.8,30080,24.5122,23024,24.78,3445.2,,,,,,,,,,,,,,,,,
459,GENERAL MOTORS,Saturn,Vue AWD,14,SUV,T,G,45.7,27466,23.68429348,23326,24.32,754.3328389,,,,,,,,,,,,,,,,,
460,GENERAL MOTORS,Saturn,Vue FWD,14,SUV,C,G,45.7,23693,26.35764016,81937,27.48,1491.08531,,,,,,,,,,,,,,,,,
461,TOYOTA,Scion,Scion TC,7,SUBCOMPACT CARS,C,G,43.77493056,17105,30.69249973,54835,30.75,-5.4,,,,,,,,,,,,,,,,,
462,TOYOTA,Scion,Scion XB,8,SMALL STATION WAGONS,C,G,42.42916667,16595,31.57366329,60553,31.56,-745.4,,,,,,,,,,,,,,,,,
463,TOYOTA,Scion,Scion XD,7,SUBCOMPACT CARS,C,G,39.38783931,15473,38.12081673,32737,39.26,-573.4,,,,,,,,,,,,,,,,,
464,Daimler,Smart,Smart Fortwo Convertible,6,TWO SEATERS,C,G,40.24052083,17580,49.5029,7418,49.03,-589.7,,,,,,,,,,,,,,,,,
465,Daimler,Smart,Smart Fortwo Coupe,6,TWO SEATERS,C,G,40.24052083,13500,49.5029,14209,49.12,490.3,,,,,,,,,,,,,,,,,
466,Subaru,Subaru,Forester AWD,14,SUV,C,G,43.1,27358,28.85921959,30406,28.88,-4401.889468,,,,,,,,,,,,,,,,,
467,Subaru,Subaru,Impreza AWD,8,COMPACT CARS,C,G,42.2,22661,28.92735911,27039,28.78,-4014.824848,,,,,,,,,,,,,,,,,
468,Subaru,Subaru,Impreza Wagon/Outback Sport AWD,8,SMALL STATION WAGONS,C,G,42.2,27889,28.48079544,32301,28.60,-6630.417255,,,,,,,,,,,,,,,,,
469,Subaru,Subaru,Legacy AWD,3,COMPACT CARS,C,G,46.2,25825,28.76704346,26288,32.09,-4136.508545,,,,,,,,,,,,,,,,,
470,Subaru,Subaru,Outback Wagon AWD,14,SUV,T,G,45.8,28644,28.78663389,63741,31.00,-3862.347039,,,,,,,,,,,,,,,,,
471,Subaru,Subaru,Tribeca AWD,11,SUV,T,G,46.7,33599,23.2105,18805,23.39,-1103.8,,,,,,,,,,,,,,,,,
472,Suzuki,Suzuki,Grand Vitara,14,SUV,C,G,43.8,24089,24.82254865,10619,27.62,-2960.021434,,,,,,,,,,,,,,,,,
473,Suzuki,Suzuki,Grand Vitara 4WD,14,SUV,T,G,43.8,25601,24.24157247,7377,26.17,-2028.272467,,,,,,,,,,,,,,,,,
474,Suzuki,Suzuki,SX4,8,SMALL STATION WAGONS,C,G,40.3,17335,33.03192751,4946,33.89,-1435.9,,,,,,,,,,,,,,,,,
475,Suzuki,Suzuki,SX4 AWD,8,SMALL STATION WAGONS,C,G,40.3,17335,30.95110083,15078,33.38,-435.9,,,,,,,,,,,,,,,,,
476,Suzuki,Suzuki,SX4 Sedan,8,COMPACT CARS,C,G,40.3,16213,33.27367448,22498,36.98,-1213.9,,,,,,,,,,,,,,,,,
477,TOYOTA,Toyota,4Runner 2WD,12,SUV,T,G,47.3,32380,23.36617082,25124,25.16,-3249.198022,,,,,,,,,,,,,,,,,
478,TOYOTA,Toyota,4Runner 4WD,11,SUV,T,G,47.3,34943,21.93212485,41271,24.06,-4027.545618,,,,,,,,,,,,,,,,,
479,TOYOTA,Toyota,Avalon,5,LARGE CARS,C,G,47.73202269,31831,29.323,61851,29.62,413.86,,,,,,,,,,,,,,,,,
480,TOYOTA,Toyota,Camry,9,MIDSIZE CARS,C,G,46.89566685,23085,32.10468366,195054,33.23,1449.107841,,,,,,,,,,,,,,,,,
481,TOYOTA,Toyota,Camry Hybrid,9,MIDSIZE CARS,C,G,46.89566685,26377,45.9416,32123,45.94,-227.2,,,,,,,,,,,,,,,,,
482,TOYOTA,Toyota,Corolla,8,COMPACT CARS,C,G,42.52498101,16132,39.30618782,170360,39.38,395.8780539,,,,,,,,,,,,,,,,,
483,TOYOTA,Toyota,Corolla Matrix,8,SMALL STATION WAGONS,C,G,42.52498101,17248,36.40429433,23891,34.75,358.580334,,,,,,,,,,,,,,,,,
484,TOYOTA,Toyota,FJ Cruiser 2WD,12,SUV,C,G,46.5,23695,23.4225,7838,24.70,485.4,,,,,,,,,,,,,,,,,
485,TOYOTA,Toyota,FJ Cruiser 4WD,12,SUV,T,G,46.5,24898,22.21750343,34093,23.63,871.8,,,,,,,,,,,,,,,,,
486,TOYOTA,Toyota,Highlander 2WD,12,SUV,T,G,49,31281,25.9861,56899,26.77,-4036.072506,,,,,,,,,,,,,,,,,
487,TOYOTA,Toyota,Highlander 4WD,12,SUV,T,G,49,32760,24.8013,80769,24.80,-3560.36,,,,,,,,,,,,,,,,,
488,TOYOTA,Toyota,Highlander Hybrid 4WD,11,SUV,T,G,48.8,38260,35.1911,24241,35.19,-3360.2,,,,,,,,,,,,,,,,,
489,TOYOTA,Toyota,Land Cruiser Wagon 4WD,11,SUV,T,G,50.3,65163,18.9488,5089,18.95,807.3,,,,,,,,,,,,,,,,,
490,TOYOTA,Toyota,Prius,9,MIDSIZE CARS,C,G,43.37586813,23282,65.7778,171762,70.84,518.5,,,,,,,,,,,,,,,,,
491,TOYOTA,Toyota,RAV4 2WD,14,SUV,C,G,44.7,23938,30.50329562,67330,31.42,-2039.222941,,,,,,,,,,,,,,,,,
492,TOYOTA,Toyota,RAV4 4WD,14,SUV,T,G,44.7,25716,28.75869833,97001,30.02,-2025.970533,,,,,,,,,,,,,,,,,
493,TOYOTA,Toyota,Sequoia 2WD,11,SUV,T,G,58,45810,19.93826683,15891,20.16,510.2076802,,,,,,,,,,,,,,,,,
494,TOYOTA,Toyota,Sequoia 4WD,11,SUV,T,G,58,49084,18.88343747,23482,18.49,3110.170571,,,,,,,,,,,,,,,,,
495,TOYOTA,Toyota,Sienna 2WD,15,MINIVAN,T,G,54.9,30073,26.4628,116103,26.46,-4007.66,,,,,,,,,,,,,,,,,
496,TOYOTA,Toyota,Sienna 4WD,15,MINIVAN,T,G,55.2,34354,23.0032,13105,23.00,-5118.6,,,,,,,,,,,,,,,,,
497,TOYOTA,Toyota,Tacoma 2WD,17,SMALL PICKUP TRUCKS,T,G,53.44781491,21465,25.10994742,84697,25.57,-826.337593,,,,,,,,,,,,,,,,,
498,TOYOTA,Toyota,Tacoma 4WD,17,SMALL PICKUP TRUCKS,T,G,53.44781491,24037,22.68545016,61615,22.77,501.4557582,,,,,,,,,,,,,,,,,
499,TOYOTA,Toyota,Tundra 2WD 127WB,18,STANDARD PICKUP TRUCKS,T,G,59.8,25554,21.15224702,8266.59,21.36,-1958.644578,,,,,,,,,,,,,,,,,
500,TOYOTA,Toyota,Tundra 2WD 145WB/164WB,18,STANDARD PICKUP TRUCKS,T,G,68.7,25375,20.01296411,67997.41,20.90,801.3638627,,,,,,,,,,,,,,,,,
501,TOYOTA,Toyota,Tundra 4WD 127WB/145WB,18,STANDARD PICKUP TRUCKS,T,G,68.55039872,35359,18.25698686,89268.14,19.12,-5557.641713,,,,,,,,,,,,,,,,,
502,TOYOTA,Toyota,Tundra 4WD 164WB,18,STANDARD PICKUP TRUCKS,T,G,77.5,34205,18.6065,2893.86,18.97,-3177.044575,,,,,,,,,,,,,,,,,
503,TOYOTA,Toyota,Yaris,7,SUBCOMPACT CARS,C,G,39.29632298,13455,42.08066582,120841,41.97,-89.82,,,,,,,,,,,,,,,,,
504,VOLKSWAGEN,Volkswagen,EOS,2,SUBCOMPACT CARS,C,G,49.66941851,35951,31.72548939,13815,32.36,-3561.413941,,,,,,,,,,,,,,,,,
505,VOLKSWAGEN,Volkswagen,GTI,8,COMPACT CARS,C,G,42.32690972,24092,31.8207525,13325,32.91,-627.4,,,,,,,,,,,,,,,,,
506,VOLKSWAGEN,Volkswagen,Jetta,3,COMPACT CARS,C,G,42.39739583,23594,30.0373148,87219,34.81,-3811.646767,,,,,,,,,,,,,,,,,
507,VOLKSWAGEN,Volkswagen,New Beetle,7,SUBCOMPACT CARS,C,G,40.54916667,21128,30.36497756,14888,30.46,-2438.287399,,,,,,,,,,,,,,,,,
508,VOLKSWAGEN,Volkswagen,New Beetle Convertible,7,SUBCOMPACT CARS,C,G,40.54916667,26644,29.88323247,13115,29.85,-254.0857415,,,,,,,,,,,,,,,,,
509,VOLKSWAGEN,Volkswagen,Passat,9,MIDSIZE CARS,C,G,45.27340278,30332,29.08368218,28667,32.37,-7136.872753,,,,,,,,,,,,,,,,,
510,VOLKSWAGEN,Volkswagen,Passat Wagon,9,MIDSIZE STATION WAGONS,C,G,45.27340278,31869,29.05523516,6709,32.37,-3114.347354,,,,,,,,,,,,,,,,,
511,VOLKSWAGEN,Volkswagen,Rabbit,8,COMPACT CARS,C,G,42.43263889,17470,29.67567423,22371,35.21,2489.748936,,,,,,,,,,,,,,,,,
512,VOLKSWAGEN,Volkswagen,Touareg,11,SUV,T,G,51.08736111,42673,20.34571017,11382,23.15,-47.86889622,,,,,,,,,,,,,,,,,
513,Geely,Volvo,C30 FWD,3,COMPACT CARS,C,G,43.79673611,25444,28.80899088,5865,30.61,-1343.9,,,,,,,,,,,,,,,,,
514,Geely,Volvo,C70,2,SUBCOMPACT CARS,C,G,44.3,40785,27.5992383,7220,28.49,-784.7,,,,,,,,,,,,,,,,,
515,Geely,Volvo,S40 AWD,3,COMPACT CARS,C,G,43.5,31732,26.8242,634,28.34,-382.2,,,,,,,,,,,,,,,,,
516,Geely,Volvo,S40 FWD,3,COMPACT CARS,C,G,43.5,25791,29.88739162,11119,29.81,532.2015243,,,,,,,,,,,,,,,,,
517,Geely,Volvo,S80 AWD,4,MIDSIZE CARS,C,G,48.4,44539,23.22925965,4175,23.66,-468.804186,,,,,,,,,,,,,,,,,
518,Geely,Volvo,S80 FWD,4,MIDSIZE CARS,C,G,48.4,40239,24.0531,7258,26.22,-1039,,,,,,,,,,,,,,,,,
519,Geely,Volvo,V50 AWD,3,SMALL STATION WAGONS,C,G,43.5,32956,26.8242,372,28.38,93.8,,,,,,,,,,,,,,,,,
520,Geely,Volvo,V50 FWD,8,SMALL STATION WAGONS,C,G,43.5,28444,29.78461202,1503,29.76,256.1972056,,,,,,,,,,,,,,,,,
521,Geely,Volvo,V70 FWD,9,MIDSIZE STATION WAGONS,C,G,48.1,33874,24.0531,3862,26.22,-324.2,,,,,,,,,,,,,,,,,
522,Geely,Volvo,XC 70 AWD,11,SUV,T,G,48,38270,22.1142,12793,23.36,3645.362659,,,,,,,,,,,,,,,,,
523,Geely,Volvo,XC 90 AWD,11,SUV,T,G,50.1,50931,20.47205198,19955,22.05,-10150.47146,,,,,,,,,,,,,,,,,
524,Geely,Volvo,XC 90 FWD,11,SUV,C,G,50.1,37735,20.9469,10049,22.44,-34.9,,,,,,,,,,,,,,,,,
